individuals,department,date,position
,光电学院,12月29日,
"[{'name': '张均强', 'identity': '学院党委书记'}, {'name': '邱根', 'identity': '副院长'}, {'name': '李佳富', 'identity': '国家管网集团联合管道有限责任公司西部分公司主管工程师'}]",自动化学院,12月29日,
,深圳高研院,12月28日,党委理论学习中心组
"[{'name': '我校教育基金会负责人', 'identity': '参加分会常务理事会议及圆桌论坛'}]",中国高等教育学会教育基金工作研究分会,12月27日-28日,复旦大学
"[{'name': '曾勇', 'identity': '校长'}, {'name': '朱宏', 'identity': '校领导'}, {'name': '申小蓉', 'identity': '校领导'}, {'name': '胡皓全', 'identity': '校领导'}, {'name': '胡俊', 'identity': '校领导'}, {'name': '孔令讲', 'identity': '校领导'}, {'name': '罗光春', 'identity': '校领导'}]",学校,近日,讲台
,机电学院、资环学院、计算机（网安）学院、生命学院,12月28日-29日,
"[{'name': '李晓峰教授', 'identity': '国家教学名师'}]",信通学院,12月28日,
"[{'name': '谭涛', 'identity': '机关党委副书记'}, {'name': '唐灿', 'identity': '学校办公室副主任'}]",机关党委、学校办公室,12月28日,副书记、副主任
"[{'name': '赴高新区党群工作部统战工作处', 'identity': '交流洽谈'}]",党委统战部,12月28日,负责人
,校医院党总支,12月28日,校医院党总支
,经管学院,12月27日,本科生第二党支部
"[{'name': '韩卓辰', 'identity': '中国联通政企客户事业群副总裁'}, {'name': '甘泉', 'identity': '海南省分公司副总经理'}]",,12月27日,格拉斯哥海南学院
,集电学院,12月27日,
"[{'name': '高性能相变开关创新者', 'identity': '参赛小组'}]",工业和信息化部中小企业发展促进中心,近日,集电学院微波介质与集成器件团队
"[{'name': '李会勇', 'identity': '人力资源部部长'}, {'name': '王勋', 'identity': '体育部党总支书记'}, {'name': '韩蕾', 'identity': '大学生文化素质教育中心主任'}]",人力资源部,12月28日,
"[{'name': '朱正宏', 'identity': '加拿大工程院院士、约克大学教授'}]",航空航天学院,12月27日,教授
"[{'name': '李钰', 'identity': '学院党委书记'}, {'name': '李强', 'identity': '副院长'}, {'name': '潘杨', 'identity': '党委副书记'}, {'name': '黄飞', 'identity': '兴业银行成都分行副行长'}, {'name': '倪莎', 'identity': '四川富润企业重组投资有限责任公司副总经理'}]",经管学院,12月27日,
,集电学院,12月27日,芯行纪科技有限公司和行芯科技有限公司
"[{'name': '齐静波教授', 'identity': '物理学院'}]",格拉斯哥海南学院,12月27日,海南省农垦中学、海南中学
"[{'name': '彭翃杰', 'identity': '教授'}]",基础院,12月27日,教授
,中央宣传部、全国总工会、共青团中央、全国妇联,12月27日,清水河校区
"[{'name': '习近平', 'identity': '总书记'}, {'name': '毛泽东', 'identity': '同志'}]",学报编辑部党支部,12月27日,专题学习
"[{'name': '李明华', 'identity': '中国航天科技集团有限公司第一研究院（中国运载火箭技术研究院）首席总师'}]",经管学院,12月27日,航天系统工程实践与系统思维
"[{'name': '吴满意', 'identity': '院长'}, {'name': '田克勤', 'identity': '教授'}, {'name': '李婧', 'identity': '教授'}]",马克思主义学院,12月27日,
,基础院党委,12月27日,
"[{'name': '赴成华区委统战部', 'identity': '交流洽谈'}]",党委统战部,12月27日,负责人
,学校,12月27日,通识教育委员会、教务处相关负责人
,出版社,12月27日,
,教师发展中心,12月26日-27日,新进教师
,经管学院,2023年12月26日,
,格拉斯哥学院党委,12月26日,宣传思想工作
,格拉斯哥海南学院,12月26日,
,集电学院,12月25日-26日,教务处、学院相关负责人
,信通学院,12月25日,
,英才学院,12月25日,
"[{'name': '张泽宝', 'identity': '原挂职干部、岑巩县委原副书记'}]",贵州省岑巩县,12月25日,岑巩县首届“荣誉市民”
"[{'name': '夏洪祥', 'identity': '1985级校友，新一任会长'}, {'name': '郑建江', 'identity': '1986级校友，秘书长'}]",合作发展部,12月23日,
,党委宣传部,12月22日,副部长
"[{'name': '四川省外事办公室外事服务中心签证认证部负责人', 'identity': '专题培训讲师'}]",国际处,12月22日,外事服务中心签证认证部负责人
,材料学院材料科学与工程系,12月21日,第一党支部
"[{'name': '舒嘉教授', 'identity': '教授'}]",经管学院,12月21日,
,公管学院,12月21日,学工部
"[{'name': '石松', 'identity': '部长'}]",党委统战部,12月21日,部长
"[{'name': '云南大学晏钢教授', 'identity': '云南省高等学校教学科研带头人'}]",国际教育学院,12月20日、21日,负责人
,信通学院,12月20日,
"[{'name': '邱根', 'identity': '副院长'}]",自动化学院机关党支部,12月20日,副院长邱根
,公管学院,12月20日,党委会
,国际处,12月20日,
,电子学院,12月19日,
"[{'name': '蒲晓蓉教授', 'identity': '我校'}]",深圳高研院,12月19日,高层次人才
,四川省人民医院肿瘤中心、遗传中心、中医科,12月20日,信通学院
,生命学院,12月20日,
,自动化学院,12月19日,本科和研究生党员代表
,集成电路学院,12月19日,
,国际处,12月18日,
"[{'name': '郑备', 'identity': '四川省政府党组成员、副省长'}, {'name': '王辰', 'identity': '中国工程院院士'}, {'name': '乔杰', 'identity': '中国工程院院士'}, {'name': '刘全胜', 'identity': '四川省政府副秘书长'}, {'name': '徐斌', 'identity': '省卫健委党组书记、主任'}, {'name': '戴作安', 'identity': '省教育厅一级巡视员'}, {'name': '王亚非', 'identity': '电子科技大学党委书记'}, {'name': '曾勇', 'identity': '电子科技大学校长'}, {'name': '申小蓉', 'identity': '电子科技大学校领导'}, {'name': '胡皓全', 'identity': '电子科技大学校领导'}, {'name': '徐红兵', 'identity': '电子科技大学校领导'}, {'name': '胡俊', 'identity': '电子科技大学校领导'}, {'name': '孔令讲', 'identity': '电子科技大学校领导'}, {'name': '欧力生', 'identity': '四川省人民医院党委书记'}, {'name': '杨正林', 'identity': '四川省人民医院院长、电子科技大学医学院院长'}, {'name': '唐其柱', 'identity': '武汉大学党委常委、副校长'}, {'name': '李正赤', 'identity': '四川大学党委副书记、华西临床医学院(华西医院)党委书记'}]",电子科技大学医学院,12月16-17日,沙河校区
"[{'name': '徐阳', 'identity': '复旦大学信息科学与工程学院党委书记'}, {'name': '迟楠', 'identity': '复旦大学信息科学与工程学院院长'}]",信通学院,12月15日,
"[{'name': '中国科技大学信息科学技术学院', 'identity': '调研对象'}]",电子学院,12月15日,领导班子
"[{'name': '刘书宁', 'identity': '博士后'}, {'name': '李天慧', 'identity': '博士后'}, {'name': '李怡', 'identity': '博士后'}, {'name': '闫宗楷', 'identity': '博士后'}]",材料学院,12月15日,
"[{'name': '朱国斌', 'identity': '软件学院副院长'}]",中国航天科工集团第二研究院七〇六所,12月15日,
"[{'name': '吴钊阳', 'identity': '主讲人'}]",物理学院党委,12月15日,学校纪委监督检查室主任、监察处副处长
"[{'name': '屈幼姝', 'identity': '西南财经大学深圳校友会副会长兼秘书长'}]",,12月15日,
,图书馆,12月15日,馆员
,,,
,材料学院党委,12月14日,学院党委书记
"[{'name': '殷允强教授', 'identity': '教授'}, {'name': '袁华教授', 'identity': '教授'}, {'name': '晏鹏宇教授', 'identity': '教授'}, {'name': '钱宇教授', 'identity': '教授'}, {'name': '王娇副教授', 'identity': '副教授'}, {'name': '雷东副教授', 'identity': '副教授'}, {'name': '陆炜副教授', 'identity': '副教授'}]",经管学院,12月14日,
,国际处,12月14日,副主任
,校医院,12月14日,青年医师
"[{'name': '曾孝平教授', 'identity': '国家级教学名师、重庆大学教授'}, {'name': '李玉柏教授', 'identity': '四川省教学名师'}]",信通学院,12月13日,国家级一流本科课程建设名师指导训练营（第一期）
,外国语学院,12月13日,上海一者信息科技有限公司
,校党委,12月14日,副书记
"[{'name': '余孝其', 'identity': '四川省委教育工委书记，教育厅党组书记、厅长'}, {'name': '刘晓博', 'identity': '人力资源社会保障厅副厅长、党组成员'}, {'name': '陈朝先', 'identity': '省委教育工委委员，教育厅党组成员、副厅长'}, {'name': '申小蓉', 'identity': '校党委副书记'}]",教育厅,12月13日,校党委副书记
,民革成都市委会,12月14日,主委
,学校党委教工部、人力资源部、人才办,12月14日,副校长
"[{'name': '段景山', 'identity': '信通学院教师'}]",西南高校教师教学发展联盟,12月14日,成都
,生命学院,12月14日,院长
,"英才学院, 马克思主义学院",12月13日,
"[{'name': '黎慧来', 'identity': '深圳市科创委副主任、市外国专家局局长'}, {'name': '蔡茂洲', 'identity': '深圳市教育局主任督学'}]",深圳高研院,12月13日,
"[{'name': '黎海凡', 'identity': '中国长江电力股份有限公司科学技术研究中心副主任'}]",机电学院、自动化学院、智能计算研究院、产研院,12月13日,
,计算机（网安）学院,12月12日,成都安恒信息技术有限公司
"[{'name': '韩雨伯', 'identity': '博士研究生'}]",西南交通大学,近日,大会主席
"[{'name': '校长曾勇', 'identity': '校长'}, {'name': '校党委副书记申小蓉', 'identity': '校党委副书记'}]",校团委、教务处、研究生院,12月7日,
"[{'name': '申小蓉', 'identity': '校党委副书记'}]",校党委,12月8日,副书记
,校党委副书记,12月7日,校内外专家评委、各学院党委副书记、新入职辅导员和各年级学生骨干代表
"[{'name': '罗光春', 'identity': '副校长'}]",国际处、国资处和学院,12月8日,
"[{'name': '吴菲', 'identity': '教学团队成员'}, {'name': '孙建蕾', 'identity': '教学团队成员'}, {'name': '胡杰辉', 'identity': '教学团队成员'}, {'name': '陈大建', 'identity': '教学团队成员'}, {'name': '牟柳', 'identity': '教学团队成员'}]",外国语学院,12月6日,
"[{'name': '邓运来教练', 'identity': '教练'}]",游泳代表队,12月3日-6日,
"[{'name': '李敬', 'identity': '教练员'}, {'name': '罗力', 'identity': '领队'}]",中国大学生五人制足球联赛,2023年,男子组南区
,数学学院党委,12月8日,广汉三星堆博物馆
,医学院,12月8日,
,后勤保障部,12月6日-8日,贵州岑巩县
"[{'name': '张斌娜', 'identity': '厦门火炬高新区管委会总经济师'}, {'name': '贺中春', 'identity': '电子科技大学厦门（海西）校友会秘书长'}]",厦门火炬高新区管委会,12月7日,总经济师
"[{'name': '师德师风建设', 'identity': '专题研讨'}, {'name': '意识形态工作', 'identity': '专题研讨'}]",电子学院党委,12月7日,全体会议
,经管学院,12月7日,
"[{'name': '张万里', 'identity': '学院教职工代表'}]",集成电路学院,12月7日,院长
"[{'name': '李元放', 'identity': '澳大利亚莫纳什大学副教授'}]",计算机（网安）学院,12月6日,副教授
,研究生院,12月6日,中兴通讯成都研究所
"[{'name': '璩静', 'identity': '百度副总裁'}, {'name': '申小蓉', 'identity': '校党委副书记'}]",清水河校区,12月6日,
,校党委副书记、纪委书记,12月5日,格拉斯哥海南学院
"[{'name': '罗光春', 'identity': '副校长'}]",深圳高研院,12月6日,
,教育部,12月5日,直属高校
,中国国际大学生创新大赛（2023）总决赛,12月3日-6日,天津大学
,生命学院,12月7日,党委会（扩大）会议
"[{'name': '田蜜', 'identity': '副处长'}]",研究生院培养处,12月7日,副处长田蜜
,材料学院,12月7日,负责人、指导教师团队
,光电学院、集成电路学院、校医院,12月7日,
"[{'name': '张希琳', 'identity': '科研院副院长'}]",自动化学院,12月7日,副院长
,软件学院,12月7日,负责人
,电子学院,12月6日,
"[{'name': '李睿副教授', 'identity': '副教授'}]",经管学院,12月6日,金融学专业
"[{'name': '中兴通讯成都研究所', 'identity': '企业'}, {'name': '浪潮集团四川分公司', 'identity': '企业'}]",研究生院,12月6日,辅导员
"[{'name': '申小蓉', 'identity': '校党委副书记'}, {'name': '郭光灿', 'identity': '中国科学院院士'}, {'name': '徐守仁', 'identity': '马克思主义学院党委书记'}]",马克思主义学院,12月2日-3日,成都
"[{'name': '于丽', 'identity': '四川省社科联党组副书记'}, {'name': '申小蓉', 'identity': '校党委副书记'}]",学校社科联,,校党委副书记
"[{'name': '习近平总书记', 'identity': '总书记'}]",计算机（网安）学院,12月3日,本科生第三党支部、立人5班
,公管学院,12月3日,校医院
"[{'name': '周世杰', 'identity': '院长'}, {'name': '廖勇', 'identity': '教授'}, {'name': '陈佳', 'identity': '副教授'}]",软件学院,12月2日-3日,
"[{'name': '电子科技大学', 'identity': '联合承办方'}, {'name': '彭州市人民政府', 'identity': '联合承办方'}, {'name': '西华大学', 'identity': '联合承办方'}]",四川省教育厅,12月1日-3日,成都市（彭州）民用无人驾驶航空试验基地
"[{'name': '陈旭教授', 'identity': '经管学院院长'}, {'name': '肖延高教授', 'identity': '副院长'}]",经管学院,12月2日,
"[{'name': '张海霞教授', 'identity': '北京大学教授'}, {'name': '10位青年学者', 'identity': '来自北京大学和电子科技大学'}, {'name': '北京大学集成电路学院、学校集电学院相关负责人', 'identity': ''}]",集成电路学院、学校集电学院,12月2日,
"[{'name': '四川大学', 'identity': '高校'}, {'name': '电子科技大学', 'identity': '高校'}]",大学生文化素质教育中心,12月2日,清水河校区
,海南陵水黎安国际教育创新试验区,12月1日,
"[{'name': '王亚非', 'identity': '校党委书记'}, {'name': '徐红兵', 'identity': '副校长'}, {'name': '汤志伟', 'identity': '深圳高研院执行院长'}]",电子科大广东电子信息工程研究院,12月1日,
,北京大学集成电路学院党委,12月2日,党委书记
"[{'name': '周万炯', 'identity': '中共重庆市委宣传部二级巡视员、重庆红岩革命历史博物馆党委委员社会教育工作部部长'}]",光电学院,12月1日-2日,教工党支部书记及党员骨干
"[{'name': '李天成教授', 'identity': '西北工业大学'}]",信通学院研究生会、材料学院研究生会,12月1日,清水河校区
,信通学院,12月1日,学生创新创业中心
"[{'name': '洪礼祺教授', 'identity': 'IEEE Fellow'}]",电子学院,12月1日,副教务长
"[{'name': '孙周勇', 'identity': '研究员'}]",陕西省考古研究院,12月1日,
"[{'name': '张海霞教授', 'identity': '北京大学集成电路学院'}]",集电学院,12月1日,
"[{'name': 'Frank Coton', 'identity': '副校长'}]",,12月1日,格拉斯哥大学副校长
,国际处、教师发展中心,12月1日,四川省十佳金牌宣讲员、成都广播电视台主持人武世杰
"[{'name': '张彦博', 'identity': '研究生'}]",,11月30日,
"[{'name': '蒋杰教授', 'identity': '学校理论宣讲团成员'}]",软件学院,11日30日,教师党支部
"[{'name': '潘源老师', 'identity': '讲师'}, {'name': '宋迪老师', 'identity': '讲师'}]",经管学院,11月30日,
,物理学院,11月29日,
,计算机（网安）学院视听觉研究生党支部,11月30日,研究生宣讲团讲师
,终身教育处,11月29日,校党委副书记
"[{'name': '罗光春', 'identity': '副校长'}, {'name': 'Frank Coton', 'identity': '格拉斯哥大学高级副校长'}]",国际处,11月29日,副校长
,计算机（网安）学院,11月29日,
,经管学院,11月29日,MBA招生与品牌发展研讨会
,外国语学院,11月29日,四川博物院
,党委学工部学生资助管理中心,11月29日,学校马克巴励学基金设立者
,未来能源领袖计划学生团,11月29日,哈利法科技大学
,电子学院、体育部、继续教育学院,11月28日-29日,
"[{'name': '胡少华', 'identity': '博士后'}, {'name': '袁野', 'identity': '博士后'}]",信通学院,11月28日,
,电子科技大学中山学院,11月28日,信通学院、电子学院
,自动化学院,11月28日,保卫处、利民消防老师
"[{'name': '刁坤警官', 'identity': '合作派出所'}]",计算机（网安）学院,11月28日,合作派出所刁坤警官
"[{'name': '魏朝祯', 'identity': '研究员'}]",数学学院,11月28日,班主任
,生命学院、公管学院,11月28日,本科生优秀班集体创建答辩会
,经管学院经济学与金融学系,11月28日,党支部
"[{'name': 'Francesco Fioranelli', 'identity': 'Deputy Professor at Delft University of Technology'}]",Electronic Engineering School,November 28th,Deputy Professor
"[{'name': '于淼', 'identity': '学院党委副书记'}]",集电学院,11月28日,
,四川省青少年科技中心,11月28日,副主任
"[{'name': '赵立', 'identity': '党委组织部老师'}]",党委研工部,11月28日,研究生党支部书记、负责研究生党务工作的辅导员
,国际教育学院,11月28日,留学生
"[{'name': '大理新世纪中学', 'identity': '优质生源基地'}]",图书馆,11月28日,招生组
"[{'name': '郭凯', 'identity': '成都高新减灾研究所成果转化中心副主任'}, {'name': '张丽', 'identity': '学校保卫处老师'}]",信通学院,11月27日,
,机电学院、自动化学院、计算机（网安）学院、软件学院、经管学院、体育部、审计处、党委组织部、党委保卫部、国资处、校工会、后勤保障部、出版社,11月26日,相关负责人、教师
"[{'name': '陈旭教授', 'identity': '院长'}, {'name': '郝再生', 'identity': '2012级MBA校友'}]",经管学院,11月26日,
,教育部,11月25日,高等教育司司长
,信通学院党委,11月27日,中层领导
,材料学院、资环学院、经管学院,11月27日,
"[{'name': '陈辉教授', 'identity': '教授'}]",清华大学美术学院,11月27日,
,数学学院,11月26日,西南交通大学数学学院
,深圳高研院党委,11月26日,党支部书记和党员骨干
,教育部,11月25日,社科司
"[{'name': '王海星', 'identity': '心理健康教育中心老师'}]",心理健康教育中心,11月24日,
"[{'name': '17位留学生', 'identity': '来自“一带一路”国家'}]",格拉斯哥学院,11月24日,学生第一党支部
"[{'name': '习近平', 'identity': '中国特色社会主义思想'}]",校团委、马克思主义学院,11月24日,清水河校区
"[{'name': '近40名师生', 'identity': '师生'}]",信通学院,11月24日,
"[{'name': '2023040902班', 'identity': '本科'}, {'name': '2023040906班', 'identity': '本科'}]",机电学院,11月24日,硕士研究生第七党支部
,计算机（网安）学院,11月25日,中兴通讯成都研究所
"[{'name': '汪涛教授', 'identity': '重庆大学公共管理学院副院长'}, {'name': '刘锐副教授', 'identity': '四川大学公共管理学院'}, {'name': '杨菁教授', 'identity': '电子科技大学公共管理学院'}]",中国研究生公共管理案例大赛,11月25日,沙河校区
,"计算机（网安）学院, 物理学院",11月25日,清水河校区
,学校,11月25日,科级管理人员
,软件学院,11月24日,
"[{'name': '钟尔杰', 'identity': '副教授'}]",数学学院,11月24日,副教授
"[{'name': 'Michael H. J. Maes', 'identity': '教授'}]",,11月24日,
,深圳市龙华区人资局,11月24日,深圳高研院
,国际教育学院,11月24日,成都三是科技有限公司
,德阳市科技局,11月24日,产研院
[],心理健康教育中心,11月24日,宿舍管理员、保洁员
,机电学院,11月23日,教授
"[{'name': '赵尚弘', 'identity': '教授'}]",空军工程大学信息与导航学院,11月23日,教授
"[{'name': '王亚非', 'identity': '校党委书记'}]",光电学院,11月24日,2023050909班班主题班会
,学校,11月24日,科级管理人员
,江苏省镇江市委常委、镇江高新区党工委书记,11月23日,副校长
"[{'name': '徐岩', 'identity': '我校党委研工部部长'}]",党委研工部,11月23日-24日,部长
,基础院,11月22日,
,党委统战部,11月24日,四川省民宗委天基处
,高等教育管理创新与高质量发展专题项目,11月24日,学校二级单位分管教学副院长
,四川省高校网络思想政治工作中心,11月23日-24日,电子科技大学
"[{'name': '2020级本科生', 'identity': '参加演练'}, {'name': '研究生', 'identity': '参加演练'}, {'name': '实验室安全管理员', 'identity': '参加演练'}]",材料学院、基础院,11月24日,国资处、保卫处
,软件学院党委,11月24日,四川省防灾减灾教育馆
,物理学院、生命学院,11月24日,
"[{'name': '青年教师', 'identity': '参赛者'}, {'name': '院内外专家', 'identity': '评审指导者'}]",经管学院,11月24日,
"[{'name': '格拉斯哥学院负责人', 'identity': '负责人'}, {'name': '参赛选手', 'identity': '选手'}]",体育部,11月24日,清水河校区综训馆足球场
"[{'name': '党委保卫部', 'identity': '老师'}, {'name': '国资处', 'identity': '老师'}, {'name': '学校实验室安全督导组', 'identity': '老师'}]",基础院,11月24日,实验室安全管理员和危化品专管员
,研究生院,11月24日,中国电子科技网络信息安全有限公司相关负责人
,学生资助管理中心,11月24日,中国电科集团十所
"[{'name': '自由度音乐联盟', 'identity': '学生社团'}, {'name': 'i舞社', 'identity': '学生社团'}, {'name': '筝鸣相声社', 'identity': '学生社团'}]",校团委,11月24日,清水河校区
,经管学院,11月23日-24日,绵阳
"[{'name': '张林', 'identity': '副教授'}]",马克思主义学院,11月23日,副教授
,江苏省扬州市科技局,11月23日,负责人
,经管学院,11月23日,
"[{'name': '张妍宁', 'identity': '学院党总支书记'}]",英才实验学院,11月23日,党总支书记
,集成电路学院,11月23日,
,深圳高研院,11月23日,2023年秋季双选会
"[{'name': '曲国远', 'identity': '研究员'}]",机电学院研究生会,11月23日,中国航空无线电电子研究所首席科学家、研究员
,信通学院、自动化学院、数学学院,11月22日、23日,
,党委学工部、研工部,11月22日,信通学院
,基础院党委,11月22日,
,出版社,11月16日-23日,第一党支部、第二党支部、第三党支部
"[{'name': '高正平教授', 'identity': '教师'}]",电子学院,11月23日,
"[{'name': '魏学峰', 'identity': '四川省人民政府参事、四川博物院前副院长'}]",四川省人民政府,11月23日,
,学校心理健康教育中心,11月23日,
"[{'name': '邱昆教授', 'identity': '青年教师成长导师'}]",信通学院,11月23日,
,"光电学院, 机电学院, 数学学院, 航空航天学院, 马克思主义学院",11月23日,
"[{'name': '张雪松', 'identity': '中国电科电子科学研究院'}]",软件学院,11月23日,研究员级高级工程师
,公管学院,11月23日,
,集成电路学院,11月23日,
,马克思主义学院,11月23日,网络思想政治教育理论与实践团队
"[{'name': '鲁立文', 'identity': '院长'}]",成都高质量发展研究院,11月23日,院长
,学工部,11月23日,
"[{'name': '研究生院负责人', 'identity': '负责人'}]",研究生院,11月23日,负责人
,图书馆,11月23日,三星堆博物馆
,材料学院、机电学院、资环学院、计算机（网安）学院、航空航天学院、医学院、经管学院,11月22日、23日,
"[{'name': '陈璐教授', 'identity': '经管学院教授'}]",大学生文化素质教育中心,11月22日,经管学院陈璐教授
"[{'name': '张波教授', 'identity': '教授'}]",电子学院,11月22日,
,信通学院,11月22日,师资队伍建设
"[{'name': '刁坤警官', 'identity': '合作派出所社区民警'}]",电子学院,11月22日,
,资环学院,11月22日,教师
,格拉斯哥学院,11月22日,国际处
,英才学院负责人,11月22日,上海
,电子科技大学重庆微电子技术产业研究院党支部、体育部党总支、集成电路学院教工机关党支部,11月22日,重庆抗战遗址博物馆
"[{'name': '学校附属肿瘤医院的专家', 'identity': '专家'}]",校工会,11月22日,学校四家附属医院
,经管学院,11月20日-22日,
"[{'name': '刘强', 'identity': '马克思主义学院副教授'}]",计算机（网安）学院,11月21日,讲授
"[{'name': '曾勇校长', 'identity': '校长'}]",,11月22日,清水河校区
"[{'name': '申小蓉', 'identity': '校党委副书记'}, {'name': '聂慧', 'identity': '桂林电子科技大学党委副书记'}]",宣传部、学工部、研工部,11月21日,
"[{'name': '申小蓉', 'identity': '校党委副书记'}, {'name': '孙洪斌', 'identity': '四川音乐学院副院长'}]",,11月20日,
,机电学院工程及教学党支部,11月22日,党支部
,资环学院,11月22日,
,物理学院,11月22日,
"[{'name': '成孝予教授', 'identity': '学校原党委副书记'}]",公管学院,11月22日,教授
"[{'name': '赵雅琨', 'identity': '老师'}]",计划财务处,11月22日,
,电子科技大学重庆微电子技术产业研究院党支部与体育部党总支,11月22日,学院体育工作指导老师
,研究生院,11月22日,一汽大众汽车有限公司（成都分公司）
,体育部,11月21日,清水河校区
"[{'name': '学院负责人', 'identity': '负责人'}, {'name': '教学质量小组', 'identity': '小组'}, {'name': '任课教师', 'identity': '教师'}, {'name': '学生代表', 'identity': '代表'}, {'name': '人才培养办公室', 'identity': '办公室'}]",材料学院,11月21日,
,马克思主义学院,11月21日,
,外国语学院党委,11月21日,理论中心组
,英才实验学院党总支,11月21日,学院负责人
,集成电路学院,11月21日,
"[{'name': '四川大学', 'identity': '调研对象'}, {'name': '西南石油大学', 'identity': '调研对象'}]",党委学工部,11月21日,负责人
"[{'name': '国资处', 'identity': '相关人员'}, {'name': '基建处', 'identity': '相关人员'}, {'name': '后勤保障部', 'identity': '相关人员'}]",北京大学房地产管理部,11月21日,我校
"[{'name': '肖斌', 'identity': '世强先进（成都）科技有限公司运营总监'}]",,11月20日,
,资环学院负责人,11月20日,深圳高研院
"[{'name': '刁坤警官', 'identity': '合作派出所社区民警'}]",数学学院,11月20日,社区民警
,国际教育学院,11月20日,预科留学生
"[{'name': '贾宇明教授', 'identity': '信通学院'}]",格拉斯哥海南学院招生工作组,11月19日-20日,海口市第一中学、海南华侨中学
"[{'name': '电子科技大学', 'identity': '主办方'}]",四川省高校网络思想政治工作中心,今日9:00,清水河校区经管楼报告厅
,学校相关职能部门,11月21日,校党委书记
,自动化学院、资环学院,11月21日,校党委副书记、纪委书记彭岚
"[{'name': '靳敏', 'identity': '校党委副书记'}, {'name': '多洛丝·奥·瑞沃丹', 'identity': '都柏林大学副校长'}]",校党委,11月20日,
"[{'name': '李玉柏教授', 'identity': '卓越贡献奖'}, {'name': '钟洪声教授', 'identity': '突出贡献奖'}, {'name': '李朝海正高级工程师', 'identity': '突出贡献奖'}, {'name': '教务处彭小丹老师', 'identity': '优秀组织奖'}]",学校,11月19日,
"[{'name': '梁永安', 'identity': '教授'}]",心理健康教育中心,11月20日,中文系教授
"[{'name': '罗映', 'identity': '舞美'}]",国家二级舞美罗映,11月20日,成电舞台
,数学学院,11月20日,浙江省嘉兴市秀洲区人才科创集团有限公司党委委员、副总经理
"[{'name': '', 'identity': ''}]",医学院,11月20日,专题研讨会
,格拉斯哥学院党委,11月20日,
,自动化学院研究生会,11月20日,校研究生会主办
"[{'name': '梁应敞教授', 'identity': '通信抗干扰全国重点实验室'}, {'name': '周亮教授', 'identity': '通信抗干扰全国重点实验室'}]",,11月19日,
"[{'name': '师生', 'identity': '60余名'}]",英才实验学院,11月19日,两弹城
,计算机（网安）学院,11月18日,
"[{'name': '鲍华教授', 'identity': '上海交通大学溥渊未来技术学院'}]",机电学院,11月17日,
"[{'name': '王亚非', 'identity': '校党委书记'}, {'name': '徐科', 'identity': '校团委副书记'}, {'name': '张泽宝', 'identity': '岑巩县委副书记'}, {'name': '罗尹奇', 'identity': '岑巩县大有镇塔山村第一书记'}]",党委组织部，合作发展部、帮扶办,11月17日-18日,贵州省岑巩县
,心理学会,11月16日-18日,高校心理健康教育专委会
"[{'name': '邬霞教授', 'identity': '北京师范大学人工智能学院'}]",自动化学院学生发展指导中心,11月17日,雄鹰讲坛
,四川省科协,11月17日,党组书记、副主席
,电子科技大学,11月18日,校党委副书记
,校工会、校女工委,11月18日,郫都区
[],信通学院研究生党支部,11月17日,解放军某部
"[{'name': '李斌', 'identity': '电子学院院长'}, {'name': '陆贵文', 'identity': '电机工程学系主任'}, {'name': '黄衡', 'identity': '太赫兹及毫米波国家重点实验室副主任'}]",,11月17日,
"[{'name': '周雪教授', 'identity': '教授'}, {'name': '高潇阳博士后', 'identity': '博士后'}]",自动化学院,11月17日,
"[{'name': '樊志强', 'identity': '中国电科智能科技研究院正高级工程师'}]",软件学院,11月17日,
,集电学院,11月17日,
"[{'name': '张希琳', 'identity': '科研院副院长'}, {'name': '万少华教授', 'identity': ''}, {'name': '江彬彬教授', 'identity': ''}, {'name': '邹见效', 'identity': '深圳高研院党委书记'}]",深圳高研院,11月17日,
"[{'name': '36名师生', 'identity': '师生'}]",经管学院,11月17日,字节跳动抖音集团
"[{'name': '何雨莲', 'identity': '老师'}]",国际教育学院学生发展指导中心,11月17日,学报编辑部
"[{'name': '苏继东', 'identity': '航天五院西安分院研究员'}]",电子学院,11月16日,清水河校区
,计算机（网安）学院,11月16日,学校保卫处徐志海
"[{'name': '林媛', 'identity': '校医院'}, {'name': '喻梦倩', 'identity': '图书馆'}]",数学学院,11月16日,
,生命学院,11月16日,
,集电学院,11月16日,广元市旺苍县张华镇人民政府
,马克思主义学院硕士研究生第一党支部,11月17日,联合时政讲习所、信通学院电子工程系研究生第十二党支部、物联网工程系研究生第一党支部、网络工程系研究生第七党支部
"[{'name': '师生', 'identity': '党员'}]",自动化学院党委,11月17日,
"[{'name': '黄宏斌', 'identity': '国防科技大学大数据与决策实验室主任'}, {'name': '陈勇', 'identity': '中国兵器207所所长助理'}]",软件学院,11月17日,
,医学院,11月17日,
,南京理工大学钱学森学院,11月17日,英才学院
"[{'name': '张映敏', 'identity': '信息中心副主任'}]",光电学院,11月17日,
,学校,11月17日,二级纪委委员（纪检委员）能力提升培训班
"[{'name': '向永兴', 'identity': '老师'}]",研究生院,11月17日,招商银行·招银网络科技招聘负责人
,光电学院、格拉斯哥学院,11月15日-17日,
"[{'name': '伍大成', 'identity': '董事长'}, {'name': '卫书满', 'identity': '总经理、工程研究院院长'}]",自动化学院,11月16日,
"[{'name': '郭志勇', 'identity': '软件党委副书记'}]",软件党委,11月16日,副书记
"[{'name': '赵文丽', 'identity': '学院党委副书记'}]",数学学院,11月16日,
"[{'name': '李凌', 'identity': '生命学院副院长'}]",材料学院,11月16日,
"[{'name': '张林', 'identity': '马克思主义学院副教授'}]",集电学院,11月16日,分党校
,深圳高研院,11月16日,英维克科技股份有限公司
"[{'name': '胡鹏飞', 'identity': '心理教育健康中心兼职咨询师'}]",基础院,11月16日,辅导站
,学校通识教育委员会,11月16日,核心通识课首席教授、骨干教师及教务处负责人
"[{'name': '我校', 'identity': '参展项目：面向6G的新一代高速通信技术项目'}]",世界大学生创新创业基地,11月16日,重庆
"[{'name': '李斌', 'identity': '电子学院院长'}]",,11月15日,香港科技大学
,计算机（网安）学院,11月15日,
,集电学院,11月15日,党支部书记及党员骨干
"[{'name': '王亚非', 'identity': '校党委书记'}]",校党委,11月16日,书记
"[{'name': '朱宏', 'identity': '副校长'}, {'name': '陈建龙', 'identity': '教育部高校图工委主任'}, {'name': '张景', 'identity': '国家知识产权局检索咨询中心副主任'}]",学校知识产权信息服务中心（图书馆）,11月16日,
"[{'name': '韩卫', 'identity': '张家港市委书记'}, {'name': '胡皓', 'identity': '副校长'}]",,11月15日,
"[{'name': '徐红兵', 'identity': '副校长'}]",科学技术发展研究院、深圳高研院,11月15日,
"[{'name': '徐其虎', 'identity': '宜宾学院党委副书记'}, {'name': '胡俊', 'identity': '副校长'}]",人力资源部,11月16日,
"[{'name': '罗光春', 'identity': '副校长'}, {'name': '冯伟哲', 'identity': '教授'}]",自动化学院、生命学院、经管学院、格拉斯哥学院,11月16日,
,省经信厅,11月16日,二级巡视员
"[{'name': '虞红芳', 'identity': '副院长'}, {'name': '林水生', 'identity': '学院实验首席'}, {'name': '何茜', 'identity': '课程骨干'}]",,11月16日,
"[{'name': '张铱晗', 'identity': '学院党委副书记'}]",电子学院,11月16日,
"[{'name': '刘永', 'identity': '院长'}]",光电学院,11月16日,重庆康佳光电科技有限公司
,航空航天学院,11月16日,
,经管学院,11月16日,
,学校,11月16日,专业教育核心课程体系建设计划
,香港高级公务员研修班,11月16日,校
"[{'name': '杨恩华', 'identity': '主持会议'}]",校工会,11月16日,常务副主席
"[{'name': '谭涛', 'identity': '机关党委副书记'}, {'name': '唐灿', 'identity': '学校办公室副主任'}]",,11月15日-16日,
"[{'name': '钱云光', 'identity': '学工部部长'}, {'name': '赵璧全', 'identity': '特聘辅导员'}, {'name': '徐岩', 'identity': '研工部部长'}]",党委学工部、党委研工部,11月15日-16日,
"[{'name': '李斌', 'identity': '电子学院院长'}, {'name': '潘永安教授', 'identity': '系主任'}, {'name': '袁杰副教授', 'identity': '副系主任'}, {'name': '王怡雯副教授', 'identity': '研究生项目负责人'}]",电子与计算机工程学系,11月15日,
"[{'name': '施耐德电气公司企业代表', 'identity': '企业代表'}, {'name': '工程师专家', 'identity': '工程师专家'}]",学校中法硕士项目,11月15日,嵌入式研学工坊法企进校园
[],中国电科集团代培研究生第一、第二临时党支部，软件学院本科生第一、二、四、七党支部,11月15日,成都博物馆
"[{'name': '林媛', 'identity': '老师'}]",经管学院,11月15日,校医院
"[{'name': '唐登蕓', 'identity': '副教授'}]",马克思主义学院,11月15日,
"[{'name': 'Renshaw Wang', 'identity': '主讲人'}]",南洋理工大学,11月15日,精密科学仪器专业项目主管
,校团委、基础教育管理办公室,11月15日,学校附属中小学、幼儿园
,党委统战部,11月14日-15日,复旦大学、同济大学、上海交通大学、浙江大学
"[{'name': '王珏', 'identity': '成都市出入境管理局一级警长'}]",国际教育学院,11月15日,校院两级留学生管理工作人员
"[{'name': '王亚非', 'identity': '校党委书记'}]",信通学院、机电学院、物理学院、基础院,11月15日,
"[{'name': '李季', 'identity': '北京故宫文物保护基金会名誉理事长、故宫考古研究所名誉所长'}, {'name': '申小蓉', 'identity': '校党委副书记'}]",学校电子科技博物馆,11月15日,
,信通学院,11月14日,中国科学院深圳先进技术研究院
"[{'name': '曾勇', 'identity': '校长'}, {'name': '李永强', 'identity': '校长'}, {'name': '胡皓全', 'identity': '副校长'}, {'name': '杨阳', 'identity': '计算机（网安）学院副院长'}, {'name': '李志勇', 'identity': '导师代表'}, {'name': '王剑波', 'identity': '计算机（网安）学院研究生'}]",计算机（网安）学院,11月14日,
,四川省经信厅,11月14日,二级巡视员
"[{'name': '徐张艳', 'identity': '衢州市委副书记、市长'}, {'name': '王亚非', 'identity': '校党委书记'}, {'name': '曾勇', 'identity': '校长'}, {'name': '李宁', 'identity': '衢州市副市长'}, {'name': '徐红兵', 'identity': '副校长'}, {'name': '孔令讲', 'identity': '副校长'}]",电子科技大学长三角研究院（衢州）,11月13日,衢州市
,学校,11月12日,成都外国语学校
"[{'name': '鄢然教授', 'identity': '2023级班主任'}, {'name': '明煜航', 'identity': '2016届校友'}]",电子学院,11月10日,
,格拉斯哥学院,11月10日,中外教职工
,软件学院,11月9日,
"[{'name': '孔令讲', 'identity': '副校长'}, {'name': '徐子阳', 'identity': '中兴通讯总裁'}, {'name': '张帆', 'identity': '汇顶科技董事长'}, {'name': '卢国建', 'identity': '芯海科技董事长'}, {'name': '白瑞虹', 'identity': 'TP-LINK副总经理'}, {'name': '肖锦', 'identity': '比亚迪总裁助理'}]",合作发展部,11月9日-10日,研究生院相关负责人
"[{'name': '王亚非', 'identity': '校党委书记'}, {'name': '曾勇', 'identity': '校长'}, {'name': '申小蓉', 'identity': '校领导'}, {'name': '胡皓全', 'identity': '校领导'}]",,11月7日,
,电子科技大学,11月7日,校党委副书记申小蓉
"[{'name': '胡俊', 'identity': '副校长'}, {'name': '丁薛祥', 'identity': '中共中央政治局常委、国务院副总理'}]",电子科技大学,11月6日,副校长
,学校,11月7日,副校长
"[{'name': '詹文翰', 'identity': '老师'}, {'name': '吴淮', 'identity': '老师'}, {'name': '吉家成', 'identity': '老师'}, {'name': '张翔', 'identity': '老师'}]",计算机（网安）学院,11月4日-5日,
,自动化学院党委、数学学院党委、医学院党总支、经管学院党委、外国语学院党委、体育部党总支、继续教育学院党委、后勤保障部党委,11月7日,
,软件学院党委与体育部党总支,11月7日,软件学院
"[{'name': '李会勇', 'identity': '党委教师工作部部长'}, {'name': '吴满意', 'identity': '马克思主义学院院长'}, {'name': '张波', 'identity': '集成电路工程学院教授'}]",党委教师工作部,11月7日,院长
,学校,11月7日,二级纪委委员（纪检委员）
"[{'name': '清华大学电子工程系', 'identity': '调研对象'}]",信通学院,11月7日,负责人
"[{'name': '曹茂园', 'identity': '成都大运会首金得主'}]",成电讲坛（信雅系列）,11月7日,讲座嘉宾
"[{'name': '王绍彬', 'identity': '绵阳市第三人民医院副院长'}]",医学院,11月7日,
"[{'name': '钟颖', 'identity': '学院副教授'}]",经管学院,11月7日,副教授
,集成电路学院,11月6日,达迩科技（成都）有限公司
"[{'name': '英国纽卡斯尔大学招生官', 'identity': '招生官'}]",格拉斯哥学院,11月6日,海外名校招生官
,国际教育学院,11月6日,
,图书馆,11月6日,
,软件学院,11月5日-6日,
,格拉斯哥海南学院,11月5日,
"[{'name': '云程大咖沙龙', 'identity': '主办'}]",经管学院MBA项目,11月5日,领航班
,基础院量子物理与工程实验室,11月4日,川陕苏区巴中市将帅碑林和川陕革命根据地博物馆
,四川省科技厅,11月3日,党组书记、厅长
"[{'name': '王亚非', 'identity': '校党委书记'}, {'name': '申小蓉', 'identity': '校党委副书记'}, {'name': '彭岚', 'identity': '校党委副书记'}, {'name': '靳敏', 'identity': '校党委副书记'}, {'name': '俞博', 'identity': '四川省高校“双带头人”工作室负责人'}, {'name': '周佩珩', 'identity': '学校第二批“双带头人”工作室负责人'}, {'name': '冷甦鹏', 'identity': '信通学院党委书记'}, {'name': '张志刚', 'identity': '北京航空航天大学机械工程及自动化学院党委书记'}, {'name': '张德远', 'identity': '北京航空航天大学机械工程及自动化学院教授'}]",学校,11月3日,教师党支部书记“双带头人”工作推进会暨“头雁领航工作站”成立仪式
"[{'name': '易文权', 'identity': '中国建筑第四工程局有限公司党委书记、董事长'}, {'name': '王亚非', 'identity': '校党委书记'}, {'name': '梁丁松', 'identity': '中建四局副总经理、总经济师'}, {'name': '张嘉', 'identity': '市场部执行总经理'}, {'name': '亢秀山', 'identity': '四川建设有限公司党委书记、董事长'}, {'name': '王允光', 'identity': '党委副书记、总经理'}, {'name': '朱宏', 'identity': '我校副校长'}, {'name': '有祥君', 'identity': '基建处处长'}]",,11月3日,
,创新创业学院,11月3日,院长
,信通学院,11月2日,副校长
"[{'name': '黄明教授', 'identity': '基础院'}, {'name': '夏娟研究员', 'identity': ''}]",,11月2日,
"[{'name': '中国空气动力研究与发展中心负责人', 'identity': '负责人'}]",中国空气动力研究与发展中心,11月3日,负责人
"[{'name': '林媛', 'identity': '老师'}]",电子学院,11月3日,校医院
"[{'name': '曾超', 'identity': '中国工程物理研究院电子工程研究所科技委副主任'}]",光电学院,11月3日,研究生卓越发展引航讲坛
,光电学院、基础院、电科院,11月3日,高新区分局合作路派出所、电子科大清水河校区驻校民警刁坤
,自动化学院,11月3日,团委学生会
"[{'name': '张庆琳', 'identity': '学院党委书记'}]",计算机（网安）学院,11月3日,
"[{'name': '王守安', 'identity': '四川省自贡市公务服务中心'}]",学校,11月3日,
"[{'name': '赵章志', 'identity': '党总支委员、副主任'}, {'name': '王勋', 'identity': '党总支书记'}]",体育部,11月3日,
,英才学院,11月3日,留学规划特聘导师
"[{'name': '王德辉教授', 'identity': '教授'}]",基础院,11月3日,
"[{'name': '罗银华', 'identity': '副秘书长'}]",广安市政府,11月3日,副秘书长
"[{'name': '耿宝莹', 'identity': '信通学院党委副书记'}]",信通学院党委,11月2日,副书记
"[{'name': '周海涛', 'identity': '党委书记'}, {'name': '林媛', 'identity': '院长'}]",材料学院,11月2日,
"[{'name': '研究生仪一', 'identity': '学生支部'}, {'name': '研究生仪二', 'identity': '学生支部'}, {'name': '本三', 'identity': '学生支部'}]",自动化学院,11月2日,教工仪一支部
,计算机（网安）学院,11月2日,班主任
"[{'name': '章潇月', 'identity': '2020级博士生'}]",经管学院,11月2日,研究生会
"[{'name': '杨茂', 'identity': '物理学院党委副书记'}]",数学-机电学院,11月2日,分党校
,生命学院,11月2日,
"[{'name': '习近平', 'identity': '中国特色社会主义思想'}]",外国语学院党委,11月2日,马克思主义学院商继政教授
"[{'name': '吕顺', 'identity': '四川大学保密办老师'}]",集电学院,11月2日,基础院
"[{'name': '杨晨秀', 'identity': '中国电子科技集团公司第二十九研究所招聘主管'}]",研究生院,11月2日,招聘主管
"[{'name': 'Wim Polet', 'identity': '鲁汶大学工程科技学院国际处处长'}]",国际处,11月2日,
"[{'name': '杨家燕', 'identity': '图书馆老师'}]",信通学院,11月1日,
"[{'name': '李钰', 'identity': '经管学院党委书记'}]",东方汽轮机有限公司工业透平事业部、绵阳长虹股份有限公司供应链管理中心,11月1日,
"[{'name': '陶伯万教授', 'identity': '教授'}]",集电学院,11月1日,
,深圳高研院,11月1日,振华微电子
"[{'name': '张一帅', 'identity': '执行董事、总经理'}]",四川省人才发展集团有限责任公司,11月1日,执行董事、总经理
,生命学院,11月1日,学生骨干
"[{'name': '王亚非', 'identity': '校党委书记'}, {'name': '曾勇', 'identity': '校长'}]",理论学习中心组,,生命学院、科研院、国际处相关负责人
"[{'name': 'Somchai Santiwatanakul', 'identity': '泰国诗纳卡琳威洛大学校长'}, {'name': '曾勇', 'identity': '校长'}, {'name': '靳敏', 'identity': '校党委副书记'}]",学校相关职能部门,11月1日,学院负责人
"[{'name': '胡俊', 'identity': '副校长'}, {'name': '李会勇', 'identity': '人力资源部部长'}]",人力资源部,11月1日,目标任务秘书工作组
"[{'name': 'Arup Neogi', 'identity': 'Professor'}]",,"October 31, 2024",
"[{'name': 'Nina Morris', 'identity': '全球关系经理'}]",自动化学院,11月1日,
"[{'name': '杨焱文', 'identity': '四川省委宣讲团新时代文明实践宣讲分队成员'}, {'name': '李敏', 'identity': '校研究生宣讲团成员'}]",计算机（网安）学院、公管学院,11月1日,
,软件学院,11月1日,
"[{'name': '韩津琳', 'identity': '处长'}]",农业农村部人力资源开发中心,11月1日,教育培训处处长
"[{'name': '刘永', 'identity': '院长'}, {'name': '王军', 'identity': '副院长'}, {'name': '张希琳', 'identity': '科研院副院长'}]",光电学院,10月31日,
"[{'name': '程玉华', 'identity': '院长'}, {'name': '程洪', 'identity': '副院长'}]",自动化学院,10月31日,
"[{'name': '米华', 'identity': '马克思主义学院全副教授'}]",计算机（网安）学院,10月31日,分党校
"[{'name': '安萍', 'identity': '软件开发技术带头人'}]",软件学院,10月31日,中国核动力研究设计院软件开发技术带头人
"[{'name': 'Maria das Dores Guerreiro', 'identity': '副校长'}]",经管学院,10月31日,
"[{'name': '李晔', 'identity': '学院党委副书记'}, {'name': '陈思思', 'identity': '校团委学联与社团工作部部长'}]",,10月31日,
"[{'name': '刘强', 'identity': '马克思主义学院副教授'}]",继续教育学院、学报编辑部、出版社,10月31日,副教授
"[{'name': '谭涛', 'identity': '我校机关党委副书记'}]",川渝部属高校,10月30日-31日,西南大学
"[{'name': '张希琳', 'identity': '科研院副院长'}]",教师发展中心,10月31日,副院长
"[{'name': '离退休党委委员', 'identity': '党委委员'}, {'name': '22个党支部支委', 'identity': '党支部支委'}, {'name': '离退休工作处工作人员', 'identity': '工作人员'}]",离退休党委,10月31日,
,图书馆学科咨询部,10月31日,党支部
"[{'name': '医务人员', 'identity': '眼健康管理中心'}, {'name': '小朋友', 'identity': '幼儿园学生'}]",校医院眼健康管理中心,10月31日,电子科技大学实验幼儿园
"[{'name': '徐明弢', 'identity': '清华大学经济管理学院助理教授'}]",经管学院,10月30日,新兴技术管理研究所
,深圳龙华区科技创新局,10月30日,
"[{'name': '王岩', 'identity': '融感科技（北京）有限公司副总经理'}]",融感科技（北京）有限公司,,副总经理
,中国电科网络通信研究院第5402所党委-电子科技大学电子科学与工程学院党委基层党组织,10月31日,清水河校区
"[{'name': 'Maria de Lurdes Reis Rodrigues', 'identity': '校长'}, {'name': '曾勇', 'identity': '副校长'}, {'name': '徐红兵', 'identity': '副校长'}, {'name': 'Maria das Dores Horta Guerreiro', 'identity': '副校长'}, {'name': 'Jorge Rodrigues da Costa', 'identity': '副校长'}]",葡萄牙里斯本大学学院,10月31日,校长
"[{'name': '李瑞英', 'identity': '中央广播电视总台播音指导'}, {'name': '申小蓉', 'identity': '校党委副书记'}]",学校,10月31日,
"[{'name': '沈光明', 'identity': '四川省政协科技委员会主任'}, {'name': '靳敏', 'identity': '校党委副书记、省政协委员'}]",,10月31日,
,葡萄牙里斯本大学学院,10月31日,相关负责人
"[{'name': '郑龙', 'identity': '党委教师工作部部长'}]",党委教工部,10月31日,部长
"[{'name': 'Jorge Rodrigues da Costa教授', 'identity': '葡萄牙里斯本大学学院'}, {'name': 'Luis Eduardo de Pinho Ducla Soares副教授', 'identity': '葡萄牙里斯本大学学院'}]",信通学院,10月30日,
"[{'name': '陈益凯', 'identity': '副院长'}]",电子学院,10月30日,副院长
"[{'name': '刘怀畅', 'identity': '四川省凉山州选调生'}]",软件学院,10月30日,
,经管学院,10月30日,学校招标采购中心办公室负责人
"[{'name': '唐登蕓', 'identity': '马克思主义学院副教授'}]",信通学院,10月30日,副教授
[],继续教育学院,10月30日,党委理论学习中心组
"[{'name': '信息中心负责人', 'identity': '负责人'}]",信息中心,10月30日,负责人
,资产公司党委,10月30日,二级单位
,材料学院,近日,
,管理学,10月30日,副校长
,材料学院,10月28日,四川师范大学化学与材料科学学院
,软件学院,10月27日,电子科技大学国家大学科技园
"[{'name': '汪小平副教授', 'identity': '《计算机程序设计》任课教师'}, {'name': '2023级学生代表', 'identity': ''}]",数学学院,10月26日,
"[{'name': '曾勇', 'identity': '校长'}, {'name': '孔令讲', 'identity': '副校长'}]",,10月24日-25日,海南陵水黎安国际教育创新试验区
"[{'name': '徐红兵', 'identity': '副校长'}, {'name': '罗方平', 'identity': '党委副书记、院长'}, {'name': '蒋家东', 'identity': '副院长'}, {'name': '王厚军', 'identity': '学术委员会主任'}]",中国标准化研究院,10月24日,推进双方合作
,教育部,10月25日,工程教育专业认证专家组组长
"[{'name': '物理学院相关负责人', 'identity': '负责人'}]",光电学院,10月25日,分党校
"[{'name': '张玉宏', 'identity': '教授'}]",软件学院,10月25日,MBSE工程创新中心
,党委教师工作部,10月25日,负责人
,自动化学院,10月24日,相关负责人
"[{'name': '邹平', 'identity': '成华区政协副主席'}, {'name': '葛鹏', 'identity': '成华区政协委员'}, {'name': '李晓宁', 'identity': '成华区政协委员'}, {'name': '胡永忠', 'identity': '成华区政协委员'}, {'name': '谢光波', 'identity': '成华区政协委员'}]",成华区政协,10月24日,副主席
"[{'name': '刘晨', 'identity': '老师'}]",心理健康教育中心,10月24日,
,计算机（网安）学院,10月24日,会通新材料股份有限公司相关负责人
"[{'name': '李彬', 'identity': '四川天府流体大数据研究中心主任'}]",软件学院,10月24日,流体力学工业软件研发
,经管学院党委理论学习中心组,10月24日,集体学习会议
"[{'name': '赵熙乐教授', 'identity': '电子科技大学'}, {'name': '蒋太翔教授', 'identity': '西南财经大学'}]",医学院,10月24日,
"[{'name': '高新西区派出所民警', 'identity': '民警'}, {'name': '学校党委保卫部老师', 'identity': '老师'}]",国际教育学院,10月24日,
,深圳市人民政府,10月24日,深圳高研院执行院长汤志伟
,马克思主义学院,10月24日,研究生会
,信通学院,10月23日,
,马克思主义学院、电子学院、机电学院、航空航天学院、集成电路学院,10月23日,
,信通学院,10月22日,分团委
,学校,10月24日,二级纪委委员（纪检委员）
"[{'name': '申小蓉', 'identity': '校党委副书记'}]",校党委,10月24日,副书记
,组织部,10月24日,部长
,体育部,10月22日,坐式排球项目国内技术官员（NTO）
,信通学院,10月24日,中国电信西藏公司
"[{'name': '刘强', 'identity': '马克思主义学院习近平新时代中国特色社会主义思想教研室主任'}]",光电学院,10月24日,分党校
"[{'name': '中国共产党', 'identity': '统一战线工作条例'}]",医学院党总支,10月24日,党总支会议暨统一战线工作专题研讨会
"[{'name': '刘岩岩', 'identity': '马克思主义学院副教授'}]",经管学院,10月24日,分党校
,体育部,10月24日,
,"教务处, 学院",10月24日,"负责人, 教师代表"
,招生就业处,10月24日,相关负责人
,信通学院党委,10月23日,教工党支部书记
,电子学院,10月23日,
"[{'name': '朱大勇教授', 'identity': '成电故事讲师团成员'}]",光电学院,10月23日,
,数学学院,10月23日,
,信息工程学院院长、电子工程学院院长,10月23日,杭州电子科技大学
,马克思主义学院,10月23日,教授
"[{'name': '本硕博碳中和宣讲团', 'identity': '学院宣讲团'}, {'name': '博士生党支部', 'identity': '党支部'}]",机电学院,10月21日-23日,四川省阿坝州中小学
,计算机（网安）学院,10月22日,分团委学生会
,研究生院,10月20日、22日,工程硕博士培养改革专项试点研究生
,后勤保障部,近日,成都理工大学四川省高校廉洁文化教育基地“育廉馆”
"[{'name': '方曼', 'identity': '学校纪委副书记'}, {'name': '谢婧希', 'identity': '纪委办副主任'}]",光电学院党委、计算机（网安）学院党委、马克思主义学院党委,10月19日-20日,
,信息中心党支部,10月20日,都江堰长征书院
"[{'name': '熊妮', 'identity': '我校熊妮老师'}, {'name': '江英俊', 'identity': '江英俊老师'}, {'name': '叶松', 'identity': '叶松老师'}, {'name': '柳川', 'identity': '柳川老师'}, {'name': '马强', 'identity': '马强老师'}]",,10月15日,
"[{'name': '陈景龙教授', 'identity': '西安交通大学'}]",机电学院,10月16日,相关科研人员
"[{'name': '王亚非', 'identity': '校党委书记'}]",光电学院光电系统与信息处理党支部、物理学院本科生第一党支部,10月12日,
"[{'name': '曾勇', 'identity': '校长'}, {'name': '孔令', 'identity': '副校长'}]",电子学院,10月12日,
,学工部、研工部、人力资源部、校工会,10月12日,校党委副书记
,学校相关职能部门,10月12日,副校长
"[{'name': '孔令', 'identity': '副校长'}]",计算机（网安）学院、物理学院,10月12日,副校长
,,10月12日,辽宁沈阳
"[{'name': '邓陈亮', 'identity': '副教授'}]",体育部,10月9日,副教授
,四川省急需紧缺专业选调生宣讲工作组,10月12日,凉山州委组织部副部长
,机电学院党委,10月12日,成都瑞雪丰泰精密电子股份有限公司
,学校心理健康教育中心,10月12日,
,材料学院党委,10月11日,支部书记
,软件学院,10月10日-11日,常务副校长
"[{'name': '全体行政人员', 'identity': '行政人员'}]",生命学院,10月11日,负责人
,基础院,10月11日,教授
"[{'name': '莫巍', 'identity': '商飞软件有限公司副总经理'}]",软件学院,10月10日,副总经理
,学校,10月9日,党委副书记
,四川省人力资源与社会保障厅,10月10日,校党委副书记
"[{'name': '衡彤', 'identity': '西南石油大学党委副书记、工会主席'}, {'name': '靳敏', 'identity': '校党委副书记、工会主席'}]",,10月10日,
"[{'name': '罗光春副校长', 'identity': '副校长'}, {'name': '刘永', 'identity': '光电学院院长'}, {'name': '胡杰辉', 'identity': '外国语学院院长'}]",,10月10日,
,电子学院党委、基础院党委,10月10日,党委宣传部副部长陈伟
"[{'name': '张庆琳', 'identity': '学院党委书记'}, {'name': '李青', 'identity': '学院副书记'}, {'name': '肖鸣宇', 'identity': '副院长'}, {'name': '李文', 'identity': '珠峰计划项目主任'}]",计算机（网安）学院,10月10日,
"[{'name': '张媛媛', 'identity': '学院党总支书记'}]",医学院,10月10日,党总支书记
"[{'name': '李谷静', 'identity': '副教授'}]",心理健康教育中心,10月10日,副教授
"[{'name': '李一一', 'identity': '青岛市教育科学研究院副院长'}]",教务处,10月10日,
"[{'name': '健康教育志愿者协会', 'identity': '联合'}]",校医院,10月10日,沙河校区
"[{'name': '骆德渊', 'identity': '党委书记'}]",机电学院,10月9日,党委书记
"[{'name': '龚漪', 'identity': '党总支书记'}, {'name': '魏彦玉', 'identity': '馆长'}]",图书馆,10月9日,重庆大学图书馆
"[{'name': '学院办公室负责人', 'identity': '主讲人'}]",经管学院,10月8日,学院办公室负责人
,沙河校区,10月8日,副校长、沙河校区管理委员会主任胡皓全
"[{'name': '罗光春', 'identity': '副校长'}, {'name': '李斌', 'identity': '电子学院院长'}, {'name': '陈华富', 'identity': '生命学院院长'}]",电子学院、生命学院,10月8日,
,计算机（网安）学院,10月8日,
"[{'name': '张伟', 'identity': '四川大学华西生物医学大数据中心主任'}]",软件学院,10月8日,主任
"[{'name': 'David Keezer', 'identity': 'IEEE Fellow、佐治亚理工学院荣誉教授'}]",深圳高研院,10月8日,IEEE Fellow、佐治亚理工学院荣誉教授David Keezer
"[{'name': '赵立', 'identity': '校党委组织部老师'}]",基础院党委,10月8日,
"[{'name': '刘永教授', 'identity': '院长'}]",光电学院,10月7日,院长
,人力资源部,9月28日,博士后和教师引进管理办公室
,电子科技博物馆,9月28日,校长
"[{'name': '彭岚', 'identity': '校党委副书记、纪委书记'}, {'name': '胡俊', 'identity': '副校长、定点帮扶工作领导小组常务副组长'}, {'name': '陈正锋', 'identity': '岑巩县委书记'}, {'name': '王思红', 'identity': '县委副书记、县长'}]",岑巩县人民政府,2023-09-27,岑巩乡村教育高质量发展研讨会
"[{'name': '彭岚', 'identity': '校党委副书记、纪委书记'}, {'name': '胡俊', 'identity': '副校长、定点帮扶工作领导小组常务副组长'}]",校党委,9月26日-27日,副书记
,电子科大立人托幼公园,9月28日,校党委副书记、校工会主席靳敏
"[{'name': '副校长孔令', 'identity': '讲'}, {'name': '计算机（网安）学院党委书记张庆琳', 'identity': '主持仪式'}]",学工部、教务处,9月27日,各参与学院相关负责人、教师代表及144名新生
"[{'name': '叶本乾', 'identity': '学校党委组织部副部长'}, {'name': '程钰间', 'identity': '学院党委书记'}]",电子学院,9月28日,
"[{'name': '张媛媛', 'identity': '党总支书记'}]",,9月28日,
,继续教育学院、高研院,9月28日,会议
,机关党委、教师发展中心,9月28日,新任科级管理人员
,心理委员,9月28日,评委嘉宾
,信通学院,9月28日,
,医学院,9月28日,
,集成电路学院,9月28日,钧业班
"[{'name': '姜昆', 'identity': '老党员'}]",学校办公室党支部,9月28日,沙河校区
"[{'name': '学生', 'identity': '宪法卫士'}]",党委学工部,9月28日,2023级学生
"[{'name': '老同志们', 'identity': '离退休教职工'}]",离退休教职工党委、离退休工作处,9月27日-28日,沙河校区
,资环学院、计算机（网安）学院、格拉斯哥海南学院,9月27日、28日,
,电子学院、光电学院、医学院、基础院,9月26日-28日,
,资环学院、软件学院,9月26日、28日,负责人
"[{'name': '纪委副书记', 'identity': ''}, {'name': '纪委办公室主任', 'identity': ''}, {'name': '监察处处长', 'identity': ''}, {'name': '党委巡察工作办公室主任', 'identity': ''}, {'name': '方曼', 'identity': ''}]",学校巡察整改督查调研组,9月25日-28日,
"[{'name': '科研院', 'identity': '相关负责人'}, {'name': '自动化学院', 'identity': '相关负责人'}, {'name': '资环学院', 'identity': '相关负责人'}, {'name': '中国海油集团公司', 'identity': '相关负责人'}, {'name': '联合研究院', 'identity': '相关负责人和专家'}]",中海油服-电子科技大学测井定向井联合研究院,9月27日,
"[{'name': '左明健教授', 'identity': '加拿大工程院院士'}]",机电学院,9月27日,
"[{'name': '陈林', 'identity': '副总工程师、航天产品部主任'}]",信通学院,9月27日,
"[{'name': '赵立', 'identity': '党委组织部老师'}]",机电学院党委,9月27日,
"[{'name': '李会勇', 'identity': '部长'}]",人力资源部,9月27日,部长
"[{'name': '杨茂', 'identity': '学院党委副书记'}]",物理学院,9月27日,学院党委副书记
"[{'name': '张开华教授', 'identity': '成电故事讲师团成员'}]",集成电路学院、英才学院,9月27日,
"[{'name': '胡丽', 'identity': '中兴公益基金会秘书长'}]",深圳高研院,9月27日,
"[{'name': '孙伟', 'identity': '华图教育公职类考试资深讲师'}]",研究生院,2021-09-27,讲师
"[{'name': '钟华', 'identity': '川德爱迪（北京）信息技术有限公司客户经理'}]",学报编辑部,9月27日,
,计算机（网安）学院,9月26日,学院
,,,
"[{'name': '王亚非', 'identity': '校党委书记'}, {'name': '曾勇', 'identity': '校长'}, {'name': '靳敏', 'identity': '校党委副书记'}, {'name': '孔令', 'identity': '副校长'}, {'name': '周子学', 'identity': '校友'}, {'name': '景亚萍', 'identity': '校友'}, {'name': '张蜀平', 'identity': '校友'}]",经管学院,9月24日,
"[{'name': '我校教师', 'identity': '主编'}]",出版社,9月21日-23日,图书（文创）展
"[{'name': '王亚非', 'identity': '校党委书记'}, {'name': '曾勇', 'identity': '校长、校友总会会长'}, {'name': '孔令讲', 'identity': '副校长、校友总会常务副会长'}, {'name': '张开华教授', 'identity': '老教师代表'}, {'name': '杨长生教授', 'identity': '老教师代表'}, {'name': '凌宝京教授', 'identity': '老教师代表'}, {'name': '龚耀寰教授', 'identity': '老教师代表'}, {'name': '黄大贵教授', 'identity': '老教师代表'}, {'name': '雷维礼教授', 'identity': '老教师代表'}, {'name': '唐新建老师', 'identity': '老教师代表'}, {'name': '陆文斌', 'identity': '校友代表'}, {'name': '张家同', 'identity': '校友代表'}, {'name': '胡可', 'identity': '校友代表'}]",,9月23日,
"[{'name': '祝宁华', 'identity': '中国科学院院士'}, {'name': '王亚非', 'identity': '校党委书记'}, {'name': '申小蓉', 'identity': '校党委副书记'}, {'name': '董谦', 'identity': '77级校友'}, {'name': '张蜀平', 'identity': '78级校友'}, {'name': '黄松浩', 'identity': '83级校友'}, {'name': '王未韬', 'identity': '86级校友'}, {'name': '程新哲', 'identity': '87级校友'}, {'name': '吴军', 'identity': '87级校友'}, {'name': '肖波', 'identity': '89级校友'}, {'name': '刘丹', 'identity': '90级校友'}, {'name': '王平', 'identity': '2002级校友'}, {'name': '金正权', 'identity': '2002级校友'}, {'name': '吕红胤', 'identity': '党委宣传部部长'}]",,9月23日,
,合作发展部,9月23日,部长
"[{'name': '孔令', 'identity': '副校长、教育发展基金会常务副理事长'}, {'name': '林坚', 'identity': '泓浒（苏州）半导体科技有限公司总裁'}, {'name': '田广', 'identity': '合作发展部部长'}, {'name': '骆德渊', 'identity': '机电学院党委书记'}]",机电学院,9月23日,总裁
"[{'name': '王亚非', 'identity': '校党委书记'}, {'name': '曾勇', 'identity': '校长'}, {'name': '朱宏', 'identity': '校领导'}, {'name': '申小蓉', 'identity': '校领导'}, {'name': '胡皓全', 'identity': '校领导'}, {'name': '彭岚', 'identity': '校领导'}, {'name': '靳敏', 'identity': '校领导'}, {'name': '罗光春', 'identity': '校领导'}, {'name': '孔令讲', 'identity': '副校长'}]",体育,9月22日,运动员
"[{'name': '丁邦文', 'identity': '喀什大学党委书记'}, {'name': '王亚非', 'identity': '校党委书记'}, {'name': '胡俊', 'identity': '副校长'}]",学校办、党委教工部、发规处、国际处,9月22日,
,机关党委、教师发展中心,9月22日,校党委副书记、副校长、机关党委委员、教师发展中心主任
,"马克思主义学院硕士研究生第二党支部, 集电学院电子功能薄膜与器件研究室研究生第一党支部",9月17日,四川省建川博物馆
,生命学院、马克思主义学院、继续教育学院,9月11日-15日,
,教育部教师工作司,9月10日,校党委副书记、纪委书记
"[{'name': '高世全', 'identity': '国际处处长、国际教育学院院长'}]",,9月8日,
"[{'name': '王亚非', 'identity': '校党委书记'}]",校党委,9月3日,书记
"[{'name': '廖旭江', 'identity': '四川省外事服务中心副主任'}, {'name': '方为', 'identity': '签证认证部部长'}, {'name': '高世全', 'identity': '国际处处长'}, {'name': '曾其刚', 'identity': '国际教育学院副院长'}]",,9月1日,
,机电学院党委、光电学院党委、资环学院党委、空天学院党委、公管学院党委、马克思主义学院党委、继续教育学院党委、基础院党委、后勤保障部党委、校医院党总支、高研院党委,8月29日、31日,校长
"[{'name': '赵馨晨', 'identity': '学生'}, {'name': '陈泺亦', 'identity': '学生'}, {'name': '石瑛', 'identity': '教师'}]",医学院,近日,
,学校定点帮扶工作办公室,8月31日,帮扶工作推进会
,体育部,8月30日,
"[{'name': '陈琳', 'identity': '西北工业大学管理学院副院长'}]",经管学院,8月30日,
,数学学院、国际教育学院,8月27日、30日,
,机关党委、信通学院党委、电子学院党委、医学院党总支、生命学院党委、经管学院党委、体育部党总支、英才学院党总支、图书馆党总支、资产公司党委,8月29日、30日,校党委副书记、机关党委书记靳敏，副校长胡俊，党委常委、组织部部长武好明
"[{'name': '王亚非', 'identity': '校党委书记'}, {'name': '曾勇', 'identity': '校长'}, {'name': '胡皓全', 'identity': '副校长'}, {'name': '孔令讲', 'identity': '副校长'}]",教务处、研究生院和各教学单位,8月28日,教学管理负责人
"[{'name': '孔令讲副校长', 'identity': '副校长'}, {'name': '院士', 'identity': '院士'}, {'name': '衢州市相关领导', 'identity': '相关领导'}, {'name': '合作发展部负责人', 'identity': '负责人'}]",,8月26日,
,光电学院、计算机（网安）学院、软件学院、医学院、生命学院、经管学院,8月25日-26日,
"[{'name': '相关负责人', 'identity': '负责人'}]",资环学院、计算机（网安）学院、医学院、生命学院、外国语学院、格拉斯哥学院、集电学院、国际教育学院,8月24日-26日,学生宿舍
,自动化学院,8月26日,研究生
"[{'name': '王亚非', 'identity': '校党委书记'}, {'name': '曾勇', 'identity': '校长'}, {'name': '申小蓉', 'identity': '校领导'}, {'name': '胡皓全', 'identity': '校领导'}]",校党委,8月24日-25日,
"[{'name': '王亚非', 'identity': '校党委书记'}, {'name': '曾勇', 'identity': '校长'}]",学校党委理论学习中心组,8月24日,
"[{'name': '申小蓉', 'identity': '校党委副书记'}]",心理健康教育中心,8月25日,校党委副书记
,光电设计竞赛,8月25日,国家一等奖
"[{'name': '王多君', 'identity': '副校长'}]",中国电科研究生院（党校）,8月23日,副校长
,集电学院,8月9日,新加坡科技设计大学
"[{'name': '微芒', 'identity': '领航班'}]",经管学院MBA2023级,8月4日-6日,岑巩县天马镇塘湾村
"[{'name': '景志辉', 'identity': '四川省大学生体育协会副会长、体育部主任'}, {'name': '赵章志', 'identity': '四川省大学生体育协会副主任'}]",四川省大学生体育协会,,副会长、体育部主任
"[{'name': '张铱晗', 'identity': '学院党委副书记'}]",电子学院,8月2日,
,信通学院,8月1日,教授
,教育部,8月1日,副部长
"[{'name': '艺术团合唱团', 'identity': '学生'}, {'name': '流行舞团', 'identity': '学生'}]",艺术团,7月31日,大剧场
"[{'name': '刘昱伶', 'identity': '2020级博士研究生'}, {'name': '冯子涵', 'identity': '2022级本科生'}]",,7月28日,开幕式主火炬塔火炬手
"[{'name': '曾勇', 'identity': '校长'}]",国际处,近日,格拉斯哥学院
"[{'name': '郭志勇', 'identity': '党委副书记'}]",软件学院党委,7月27日,副书记
"[{'name': '汤志伟', 'identity': '深圳高研院执行院长'}]",深圳市政府,2023年7月25日,
"[{'name': '刘全胜', 'identity': '四川省人民政府副秘书长、成都大运会组委会副秘书长'}, {'name': '梁群', 'identity': '浙江省人民政府副秘书长、第19届亚运会火炬传递指挥中心执行指挥长'}, {'name': '陈兴东', 'identity': '四川省体育局党组成员、副局长，四川体育职业学院党委书记'}, {'name': '曹俊杰', 'identity': '中共成都市委常委、成都高新区党工委书记，成都大运会执委会副主席'}, {'name': '陈志勇', 'identity': '成都市人民政府副市长、成都大运会执委会副主席'}, {'name': '吴皓', 'identity': '成都市人民政府副市长、成都大运会执委会副主席'}, {'name': '田蓉', 'identity': '成都市政协党组副书记、副主席，成都大运会执委会副主席'}, {'name': '王亚非', 'identity': '电子科技大学党委书记'}, {'name': '刘树根', 'identity': '西华大学党委书记'}, {'name': '刘立云', 'identity': '中共四川省委教育工委副书记、四川省教育厅党组成员'}]",,7月20日,
"[{'name': '王亚非', 'identity': '校党委书记'}, {'name': '靳敏', 'identity': '副书记'}]",校党委,7月18日,
"[{'name': '汤志伟', 'identity': '深圳高研院执行院长'}]",深圳市前海深港现代服务业合作区,7月17日,
"[{'name': '程钰间', 'identity': '学院党委书记'}, {'name': '陆海鹏', 'identity': '常务副院长'}]",电子学院,7月18日,
"[{'name': '李汝平', 'identity': '兰州大学国家大学科技园管理办公室副主任'}]",兰州大学国家大学科技园管理办公室,7月18日,副主任
"[{'name': '李晶', 'identity': '帮扶干部'}]",学校定点帮扶工作领导小组,7月17日-18日,
,深圳高研院,7月17日,广西靖西市靖西中学
,,,
"[{'name': '廖文兵', 'identity': '芯原微电子（成都）有限公司SoC部门总监'}]",信通学院,7月16日,清水河校区
"[{'name': 'Richard Foristel', 'identity': '美方代表'}, {'name': '张杰伟', 'identity': ''}]",经管学院iMBA,7月16日,
,计算机（网安）学院,7月11日-15日,国家“珠峰计划”拔尖人才实验班学生代表
,马克思主义学院党委,7月4日,学院的理论研究工作
,空天学院,7月4日,
,学校工会委员会、教代会执委会,2023-07-04,副校长
,电子学院、生命学院、体育部、格拉斯哥学院,7月4日,党委（总支）会（扩大）会议
,生命学院党委、深圳高研院党委,7月4日,生命学院党委书记、深圳高研院执行院长、生命学院副院长
,数学学院党委,7月3日,马克思主义学院党委书记徐守仁
,光电学院党委,6月30日-7月1日,
"[{'name': '赵志钦', 'identity': '研究生院院长'}, {'name': '胡波', 'identity': '华昌化工董事长'}]",研究生院,7月4日,清水河校区
"[{'name': '上官浩龙', 'identity': '团市委副书记'}]",福州团市委,7月4日,副书记
,数学学院,7月3日,
,科研院党支部、学报编辑部党支部,7月3日,支委会委员
"[{'name': '黄晓霖副教授', 'identity': '上海交通大学'}]",信通学院,7月3日,清水河校区
"[{'name': '王迎化', 'identity': '学院党委副书记'}, {'name': '年级辅导员', 'identity': ''}]",格拉斯哥海南学院,7月2日,
,研究生院,2022-06-30,
"[{'name': '申小蓉', 'identity': '校党委副书记'}]",中国技术经济学会,7月2日,分支机构负责人座谈会
"[{'name': '14名党员代表', 'identity': '党员代表'}]",电子科大在京人员临时党支部,7月1日,中国共产党历史展览馆
,数学学院,7月2日,负责人、辅导员、社会实践队成员
,教育部发展规划司,6月30日,组长高校
"[{'name': '王晓晖', 'identity': '四川省委书记'}, {'name': '王亚非', 'identity': '校党委书记'}, {'name': '廉毅敏', 'identity': '主题教育中央第十二指导组组长'}, {'name': '陈擎苍', 'identity': '主题教育中央第十二指导组副组长'}, {'name': '于立军', 'identity': '省领导'}, {'name': '陈炜', 'identity': '省领导'}, {'name': '郑莉', 'identity': '省领导'}, {'name': '陈杰美', 'identity': '党员代表'}, {'name': '张小松', 'identity': '党员代表'}]",,6月30日,
,学校,6月30日,清水河校区
,机关,6月30日,党委
,学校人才工作办公室,6月30日,副校长
"[{'name': '罗光春', 'identity': '副校长'}, {'name': 'Anton Muscatelli', 'identity': '格拉斯哥大学校长'}, {'name': '曹献坤', 'identity': '海南省教育厅党委书记、试验区管理局局长'}]",海南陵水黎安国际教育创新试验区,6月29日,
,电子科技大学,6月30日,校友总会
,校工会,6月28日,校党委副书记、校工会主席
"[{'name': '罗光春', 'identity': '副校长'}, {'name': '熊杰', 'identity': '物理学院院长'}, {'name': '陈旭', 'identity': '经管学院院长'}]",,6月28日,
,学校,6月28日,毕业生离校一站式服务大厅
,物理学院,2023-06-27,
,公管学院,6月27日,
"[{'name': '王亚非', 'identity': '校党委书记'}, {'name': '曾勇', 'identity': '校长'}, {'name': '刘琪瑾', 'identity': '教育部直属高校主题教育第十巡回指导组副组长'}, {'name': '朱宏', 'identity': '校领导'}, {'name': '申小蓉', 'identity': '校党委副书记'}, {'name': '胡皓全', 'identity': '校领导'}, {'name': '彭岚', 'identity': '校领导'}, {'name': '靳敏', 'identity': '校领导'}, {'name': '徐红兵', 'identity': '校领导'}, {'name': '孔令讲', 'identity': '校领导'}, {'name': '罗光春', 'identity': '校领导'}]",,6月27日,
"[{'name': '曾勇', 'identity': '校长'}, {'name': '罗光春', 'identity': '副校长'}, {'name': '马斯卡特里', 'identity': '格拉斯哥大学校长'}, {'name': '桑德森', 'identity': '格拉斯哥大学副校长'}]",学校相关职能部门,6月27日,格拉斯哥学院、格拉斯哥海南学院以及格拉斯哥大学相关负责人
,基础院党委,6月26日,党委书记
,计算机（网安）学院招生工作组、数学学院招生工作组、经管学院赴陕西招生工作组、校工会赴黑龙江招生工作组,6月21日-26日,
,机电学院,6月23日-25日,云南
"[{'name': '辅导员', 'identity': '辅导员'}, {'name': '宿舍阿姨', 'identity': '宿舍阿姨'}, {'name': '学生', 'identity': '学生'}]",英才学院,6月22日,
"[{'name': '陈麟', 'identity': '副校长'}]",国际处,6月20日,副校长
,教育部社会科学司,2022年度,我校出版社
,信通学院党委,6月14日,党委书记
,全国大学生电子设计竞赛（四川赛区）,6月9日,指导教师经验交流会
"[{'name': '刘岩岩', 'identity': '马克思主义学院副教授'}]",党委统战部,6月9日-10日,重庆
,天气,今日,多云，22℃-34℃
"[{'name': '徐敬松', 'identity': '自动化学院'}, {'name': '赵博', 'identity': '电子学院'}, {'name': '赖香君', 'identity': '自动化学院'}]",电子学院、公管学院、集电学院,6月5日,成电会堂
"[{'name': '胡维昊', 'identity': '教授'}, {'name': '唐远鸿', 'identity': '博士研究生'}]",机电学院,近日,
"[{'name': '谷雨研究员', 'identity': '中国计算机学会人机交互专委会执行委员'}]",计算机（网安）学院,6月2日,博士生导师
,资产公司,6月1日,
"[{'name': '马烈红', 'identity': '温江区委书记、区长'}, {'name': '董勇', 'identity': '温江区委副书记'}, {'name': '罗胤', 'identity': '温江区委常委、组织部部长、社治委主任'}, {'name': '刘拥军', 'identity': '温江区委常委、常务副区长'}, {'name': '陈捷', 'identity': '温江区副区长'}, {'name': '陆大东', 'identity': '温江区副区长'}, {'name': '王亚非', 'identity': '校党委书记'}, {'name': '朱宏', 'identity': '校领导'}, {'name': '申小蓉', 'identity': '校领导'}, {'name': '胡俊', 'identity': '校领导'}, {'name': '徐红兵', 'identity': '副校长'}]",温江区,6月2日,电子科技大学-成都市温江区校地合作座谈会
"[{'name': '张凤寒', 'identity': '光电学院本科生第四党支部同学'}]",光电学院,6月2日,学生处副处长
,计算机（网安）学院,5月31日,师生代表座谈会
,,今日,
"[{'name': '18℃', 'identity': '最低温度'}, {'name': '25℃', 'identity': '最高温度'}]",天气,今日,多云
,,今日,
,学校,5月30日,二级党组织书记
"[{'name': '邱锡光', 'identity': '海南大学副校长'}, {'name': '胡皓全', 'identity': '海南大学副校长'}]",后勤保障部、保卫处,5月30日,
"[{'name': '胡皓全', 'identity': '副校长'}, {'name': '赵志钦', 'identity': '研究生院院长'}]",自动化学院,5月30日,
,学校,5月30日,副校长
"[{'name': '副校长孔令', 'identity': '副校长'}, {'name': '本科招生办公室主任林鹏', 'identity': '本科招生办公室主任'}, {'name': '教务处处长黄廷祝', 'identity': '教务处处长'}]",,5月30日,
"[{'name': '孔令', 'identity': '副校长'}]",信通学院,5月28日,
,中国大学生在线,5月30日,中国海洋大学
"[{'name': '刘宇教授', 'identity': '华人学者'}]",机电学院,5月20日至23日,
,心理健康中心,5月25日-27日,主任
"[{'name': '四川大学工会', 'identity': '负责人'}, {'name': '四川旅游学院工会', 'identity': '负责人'}]",校工会,,
"[{'name': '师生', 'identity': '参赛队伍'}]",机电学院,5月24日,
"[{'name': '孔令讲', 'identity': '副校长'}, {'name': '武刚', 'identity': '课程项目负责人'}, {'name': '万中全', 'identity': '课程项目负责人'}, {'name': '罗钐', 'identity': '课程项目负责人'}, {'name': '苏元章', 'identity': '课程项目负责人'}]",教务处,5月22日,
,信通学院,5月19日,学院负责人
,我校,5月21日,职业教育教师培训工作
"[{'name': '何佳', 'identity': '党委副书记'}]",信通学院党委,5月19日,副书记
,光电学院党委、自动化学院党委、软件学院党委、数学学院党委、公管学院党委、外国语学院党委、基础院党委、集成电路学院党委、机关与直属单位党委、离退休教职工党委、图书馆党总支、资产公司党委,5月18日至19日,副校长朱宏、胡皓全、校党委副书记、机关党委书记靳敏、副校长徐红兵、党委组织部部长武好明
,校医院,5月12日,校党委副书记、纪委书记彭岚
"[{'name': '邓淑华教授', 'identity': '电子科技大学理论宣讲团成员'}, {'name': '杨茂', 'identity': '物理学院党委副书记'}]",,5月15日,
"[{'name': '王勋', 'identity': '党总支书记'}]",体育部,5月15日,党总支书记
"[{'name': '选手', 'identity': '来自各学院进入决赛的6名选手'}]",第五届朋辈心成长风采大赛,今日16:20,清水河校区学生活动中心九洲厅
"[{'name': '孔令', 'identity': '副校长'}, {'name': '康士峰', 'identity': '1983级校友，会长'}, {'name': '赵秀才', 'identity': '1992级校友，秘书长'}]",学校党委宣传部、合作发展部,5月13日,中国电科22所、41所
,自动化学院学生党支部,5月13日,
,信通学院网络工程系研究生第六党支部、通信工程系研究生第二党支部,5月11日,武汉理工大学马克思主义学院研究生讲师团党支部
"[{'name': '西南赛区执委会', 'identity': '相关负责人'}, {'name': '上海海思', 'identity': '相关负责人'}, {'name': '格拉斯哥学院', 'identity': '相关负责人'}, {'name': '西南赛区7所高校', 'identity': '师生'}]",全国大学生嵌入式芯片与系统设计竞赛组委会,5月13日,电子科技大学和上海海思技术有限公司
,经管学院,5月13日,陕西招生工作组
"[{'name': '李雪梅', 'identity': '集电学院党委书记'}, {'name': '于奇', 'identity': '集电学院副院长'}]",集电学院,5月13日,党委书记、副院长
,机电学院,5月12日,
,,,
"[{'name': '申小蓉', 'identity': '校党委副书记'}]",党委学工部,5月12日,党支部
"[{'name': '孔令', 'identity': '副校长'}]",合作发展部,5月12日,
,学校,5月11日,二级党组织书记
,电子科大研究生党建委员会、西南交大博士宣讲团,5月10日,清水河校区
,机电学院,5月11日,学生骨干
"[{'name': '李肇星', 'identity': '中华人民共和国外交部原部长、中国人民外交学会名誉会长'}, {'name': '王亚非', 'identity': '校党委书记'}, {'name': '申小蓉', 'identity': '副书记'}]",中华人民共和国外交部,5月10日,中国人民外交学会名誉会长
"[{'name': '孔令', 'identity': '副校长'}, {'name': '邓龙江', 'identity': '中国工程院院士'}, {'name': '胡霞', 'identity': '成都树德中学党委书记、校长'}]",信通学院、本科招生办,5月10日,成都树德中学、成都树德中学外国语校区负责人
,光电学院党委、生命学院党委、资产公司党委、党委宣传部党支部、党委学工部党支部,5月10日,党委书记和支部书记
"[{'name': '邓淑华', 'identity': '教授'}]",数学-机电学院,5月10日,分党校
"[{'name': '邸爱英', 'identity': '党委书记'}]",格拉斯哥学院教工党支部,5月10日,党委书记
"[{'name': '习近平', 'identity': '中国特色社会主义思想'}]",公管学院党委,5月10日,马克思主义学院商继政教授
"[{'name': '张泽宝', 'identity': '学校挂职贵州省岑巩县委副书记'}]",贵州省黔东南州,5月10日,中央单位定点帮扶教育工作座谈会
,学工部、后勤保障部,5月10日,党委副书记
,自动化学院,5月10日,
,国际教育学院,5月10日,格拉斯哥学院语言支持中心
"[{'name': '祝世宁院士', 'identity': '院士'}]",基础院、科研院,5月10日,负责人
,柳州市科学技术局,5月10日,学校大数据研究中心、未来媒体研究中心、学校产业技术研究院、机电学院
"[{'name': '35名本科生', 'identity': '参加校内选拔赛'}]",材料学院,5月9日,
"[{'name': '张媛媛', 'identity': '学院党总支书记'}]",医学院,5月9日,
"[{'name': '李谷静', 'identity': '教授'}]",心理健康教育中心,5月9日,副教授
"[{'name': '闵晓波', 'identity': '副局长'}]",深圳市人力资源和社会保障局,5月9日,副局长
"[{'name': '朱宏', 'identity': '副校长'}]",,4月23日,
,教育部在线教育研究中心,4月23日,副校长
,资源与环境学院,4月23日,
,基础与前沿研究院,4月23日,上海交通大学张江高等研究院、复旦大学微电子学院
"[{'name': '电子科大出版社', 'identity': '出版社'}]",四川省电子信息产业技术研究院,4月23日,负责人
,计算机科学与工程学院,4月22日,戴波老师
"[{'name': '钟威教授', 'identity': '厦门大学王亚南经济研究院'}]",数学科学学院,4月22日,教授
,高校辅导员,4月22日,学生工作者
,中国研究生公共管理案例大赛,4月22日,总决赛
,共青团电子科技大学委员会,4月22日,清水河校区图书馆前广场草坪
,电子科学与工程学院、集成电路科学与工程学院,4月22日,美育工作室
,信息与通信工程学院电子工程系,4月21日至23日,研究生第十二党支部
"[{'name': '集成电路科学与工程学院', 'identity': '双方'}]",香港科技大学（广州）功能枢纽,4月21日,负责人
"[{'name': '王亚非', 'identity': '校党委书记'}, {'name': '靳诺', 'identity': '中国人民大学原党委书记、教育部高等学校马克思主义理论类专业教学指导委员会主任委员'}, {'name': '杨建国', 'identity': '四川省教育厅巡视员'}]",马克思主义学院,4月22日,
,电子科技大学教育发展基金会,4月22日,理事会
,教务处,4月22日,明月湖国际智能产业科创基地
,电子科技大学,4月22日,第十七届玄奘之路戈壁挑战赛
"[{'name': 'John Doe', 'identity': 'Employee'}, {'name': 'Jane Smith', 'identity': 'Manager'}]",Sales,2022-01-01,Sales Representative
,继续教育学院,4月22日,
"[{'name': '张庆琳', 'identity': '受邀报告'}]",计算机科学与工程学院（网络空间安全学院）,4月21-22日,党委书记
,四川省教育厅、四川省文旅厅,4月21日至22日,四川幼儿高等专科学校、内江职业技术学校、内江市中小学
"[{'name': '香港科技大学（广州）功能枢纽负责人', 'identity': '围绕学术生涯规划、职业发展等与学子进行了深入交流'}]",集成电路科学与工程学院、电子科学与工程学院和物理学院,4月21日,香港科技大学（广州）功能枢纽负责人
"[{'name': '戴伟民', 'identity': '芯原股份创始人、董事长兼总裁'}]",集成电路科学与工程学院,4月21日,成电芯论坛
,学校纪委,4月21日,长三角研究院（衢州）
,长三角研究院（湖州）,4月21日,负责人
"[{'name': '余聪教授', 'identity': '教授'}]",心理与认知科学学院,4月20日,
,自动化工程学院,4月20日,OPPO和ZEKU科技成都分公司
"[{'name': '赵熙乐教授', 'identity': '教授'}, {'name': '辅导员老师', 'identity': '辅导员'}]",数学科学学院,4月20日,
"[{'name': '外国语学院', 'identity': '学院'}]",深圳市市场监督管理局光明监管局,4月20日,相关负责人
"[{'name': '深圳高等研究院', 'identity': '双方'}]",深圳市龙华区人才工作局,4月20日,负责人
"[{'name': '孔令', 'identity': '副校长'}]",体育部,4月20日,清水河校区综合训练馆
"[{'name': 'Chong Li', 'identity': '格拉斯哥大学教授'}, {'name': '梅渭东', 'identity': '电子科技大学通信抗干扰技术全国重点实验室教授'}]",电子科技大学信息与通信工程学院,4月21日,通信抗干扰技术全国重点实验室
"[{'name': '吴燕京教授', 'identity': '宁波大学'}]",外国语学院,4月21日,清水河校区
"[{'name': '庞谦', 'identity': '一行'}]",教育部思政司维稳处,4月21日,处长
,学校,4月21日,选调生
"[{'name': '周佩珩教授', 'identity': '教授'}]",电子科学与工程学院,4月21日,
"[{'name': '李智渊教授', 'identity': '教授'}]",计算机科学与工程学院,4月21日,
"[{'name': '胡俊', 'identity': '2018级博士生'}, {'name': '陈其齐', 'identity': '2018级博士生'}, {'name': '李天皓', 'identity': '2019级博士生'}]",经济与管理学院,4月21日,
,格拉斯哥学院教工党支部,4月21日,学习贯彻习近平新时代中国特色社会主义思想主题教育动员部署会暨“周五见”读书分享会
,基础与前沿研究院,4月21日,
,集成电路科学与工程学院,4月21日,研究生培养处负责人
"[{'name': '王卫', 'identity': '长安大学离退休工作处处长'}]",离退休工作处,4月21日,
"[{'name': 'Tan Mingming', 'identity': 'researcher'}]",信通论坛,April 20th,阿斯顿大学
"[{'name': '宁超', 'identity': '上海交通大学自动化系助理教授'}]",自动化工程学院,4月20日,助理教授
,计算机科学与工程学院,4月20日,研究生党支部、网络与信息系统团队研究生第一、第二党支部
,机械与电气工程学院,4月20日,大学生法律咨询顾问
"[{'name': '学生', 'identity': '学生'}]",数学科学学院,4月20日,成都数字天空科技有限公司
,外国语学院,4月20日,
,格拉斯哥学院,4月20日,
"[{'name': '邵振', 'identity': '芯行纪科技有限公司资深技术副总裁'}]",集成电路科学与工程学院,4月20日,半导体产业皇冠上的掌上明珠——EDA
"[{'name': '邓小平', 'identity': '故居陈列馆'}]",学报编辑部党支部,4月20日,西南交通大学战略与学科处期刊社党支部
"[{'name': '深圳高等研究院', 'identity': '调研对象'}]",电子科技大学长三角研究院（湖州）,4月20日,负责人
,材料与能源学院党委、光电科学与工程学院党委、生命科学与技术学院党委、格拉斯哥学院党委、集成电路科学与工程学院党委、基础与前沿研究院党委、深圳高等研究院党委,4月19日-21日,
"[{'name': '王俊', 'identity': '美国加州大学河滨分校副校长'}]",信息与软件工程学院,4月19日,
"[{'name': '老同志', 'identity': '退休教职工'}]",离退休工作处,4月18-20日,洛带古镇
"[{'name': '李雪梅', 'identity': '集成电路科学与工程学院党委书记'}]",重庆研究院,4月18日-19日,
"[{'name': '辛贤', 'identity': '中国农业大学副校长'}, {'name': '曾勇', 'identity': '校长'}, {'name': '胡俊', 'identity': '副校长'}]",中国农大及我校相关部门,4月20日,
,四川省电子信息与兵器类专业教学指导委员会,4月20日,教指委主任委员、电子科技大学副校长孔令
,学校,4月20日,中层干部
"[{'name': '高大伦', 'identity': '中国考古学会常务理事、中国秦汉史研究会副会长、四川省文物考古研究院前院长'}]",信雅讲坛,4月20日,沙河校区
"[{'name': '李博闻教授', 'identity': '教授'}]",信息与通信工程学院,4月20日,成电下午茶
"[{'name': '滕祖军', 'identity': '陕西长岭电气有限责任公司副总经济师'}]",电子科学与工程学院、集成电路科学与工程学院,4月20日,
"[{'name': '蔡斐', 'identity': '航空学报杂志社社长'}]",机械与电气工程学院,4月20日,
"[{'name': '西安交通大学数学与统计学院', 'identity': '负责人'}, {'name': '数学科学学院', 'identity': ''}]",数学与统计学院,4月20日,负责人
"[{'name': '张丽', 'identity': '保卫处老师'}]",医学院,4月20日,
,生命科学与技术学院,4月20日,成都市心理健康中心
"[{'name': '吕明教授', 'identity': '信息与通信工程学院'}, {'name': '殷允强教授', 'identity': '经济与管理学院'}, {'name': '吴璐斯副教授', 'identity': '经济与管理学院'}, {'name': '宋娜副教授', 'identity': '经济与管理学院'}]",经济与管理学院,4月20日,
,外国语学院,4月20日,
,体育部,4月20日,
,诺丁汉大学工学学部,4月20日,
,计算机科学与工程学院（网络空间安全学院）,4月19日,蒲晓蓉教授
"[{'name': '彭浩然', 'identity': '台湾交通大学博士、信软学院彭浩然院友'}, {'name': '宁博宇', 'identity': '2022年度成电杰出学生（研究生）、通信抗干扰全国重点实验室博士生宁博宇'}]",信息与软件工程学院、数学科学学院,4月19日,
"[{'name': '李耘教授', 'identity': '高研院IEEE Fellow'}]",电子科技大学（深圳）高等研究院人工智能工业创新研究中心,4月19日,国际论坛
,信息与通信工程学院、自动化工程学院、计算机科学与工程学院（网络空间安全学院）、基础与前沿研究院,4月18日至20日,
"[{'name': '王俊', 'identity': '加州大学河滨分校副校长'}, {'name': '罗光春', 'identity': '副校长'}]",国际合作与交流处,4月18日,格拉斯哥学院负责人
"[{'name': '郝洪涛', 'identity': '主任'}]",学生事务中心,4月18日,主任
,公共管理学院,4月18日,
"[{'name': '国防科技大学前沿交叉学科学院教学科研处负责人', 'identity': '宣讲人'}]",光电科学与工程学院、集成电路科学与工程学院,4月17日至18日,国防科技大学前沿交叉学科学院教学科研处负责人
"[{'name': '西北工业大学生命学院相关负责人', 'identity': '负责人'}, {'name': '北京邮电大学集成电路学院相关负责人', 'identity': '负责人'}]",生命科学与技术学院、集成电路科学与工程学院,4月17日至18日,
"[{'name': '武好明', 'identity': '校党委常委、组织部部长'}, {'name': '邰通梅', 'identity': '岑巩县委常委、组织部部长'}]",岑巩县委组织部,4月17日,新任科级干部
,巡察办、监督检查室,4月17日,宜宾研究院
"[{'name': '马克思主义学院何畏教授', 'identity': '全国青联常委、南京航空航天大学马克思主义学院教授'}, {'name': '鲁全教授', 'identity': '全国青联常委、社会科学界别秘书长、中国人民大学教授'}, {'name': '赵龙', 'identity': '团四川省委统战联络部部长、四川省青联秘书长'}]",,4月17日,
,信息与通信工程学院,4月17日,
"[{'name': '自动化工程学院', 'identity': '学院'}]",广州市城市管理和综合执法局,4月17日,负责人
,数学科学学院、物理学院、资源与环境学院研究生党建委员会,4月17日,党建交流会
,生命科学与技术学院,4月17日,
,英才实验学院,4月17日,院领导
,工会,4月17日,负责人
,计算机科学与工程学院,4月16日,
,机械与电气工程学院,近日,
"[{'name': '彭岚', 'identity': '校党委副书记'}]",,4月16日,校党委副书记
,党委学生工作部,4月15日,
,集成电路科学与工程学院,4月15日,马克思主义学院副教授米华全
,经济与管理学院党委、马克思主义学院党委、集成电路科学与工程学院党委、离退休教职工党委,4月11日-14日,
"[{'name': '丁祖荣', 'identity': '党组书记、主任'}, {'name': '胡皓全', 'identity': '副校长'}]",安徽省芜湖市人大常委会,4月14日,党组书记、主任
,组织部,4月14日,常委
,马克思主义学院,4月14日,
"[{'name': '刘雨莎', 'identity': '老师'}]",信息与通信工程学院,4月13日,
"[{'name': '刘鹏', 'identity': '副书记'}]",计算机科学与工程学院,4月13日,党委副书记
,格拉斯哥学院,4月13日,
,集成电路科学与工程学院,4月13日,成都高新区IC Park产业园
[],学校广西招生工作组,4月10日-14日,南宁、玉林、柳州、桂林等地中学
"[{'name': '罗光春', 'identity': '副校长'}]",教育部,4月13日,副校长
,经济与管理学院,4月13日,青年教师
,格拉斯哥海南学院联合学校党委保卫部,4月13日,试验区安全办、陵水县公安局国保大队
,信息与软件工程学院,4月12日,党委会和党政联席会
"[{'name': '范贤睿', 'identity': '国家开放大学党委委员、副校长'}, {'name': '王亚非', 'identity': '校党委书记'}, {'name': '徐红兵', 'identity': '副校长'}]",国家开放大学,4月12日,副校长
,计算机科学与工程学院、格拉斯哥学院、党委统战部、校医院,4月11日、12日,学院和部门负责人
"[{'name': '曾明', 'identity': '原西南民族大学校长'}]",,4月10日,四川省学术和技术带头人
"[{'name': '叶兴斌', 'identity': '康佳集团党委副书记'}, {'name': '罗光春', 'identity': '副校长'}]",研究生院、光电科学与工程学院、集成电路科学与工程学院,4月10日,
"[{'name': '申小蓉', 'identity': '校党委副书记'}]",校党委,4月9日,副书记
,电子科技大学,4月8日,教职工代表大会
"[{'name': '林光平', 'identity': '东方电气集团东方锅炉股份有限公司党委书记、董事长'}, {'name': '王亚非', 'identity': '校党委书记'}, {'name': '曾勇', 'identity': '校长'}, {'name': '徐红兵', 'identity': '副校长'}]",校党委,4月7日,校长
,电子科学与工程学院、材料与能源学院、光电科学与工程学院、计算机科学与工程学院（网络空间安全学院）、物理学院、经济与管理学院,4月6日,
"[{'name': '孔令', 'identity': '副校长'}, {'name': '郭正平', 'identity': '公司党委书记、总经理'}]",中国铁塔股份有限公司四川省分公司,4月3日,综合部、技术支撑中心负责人
,电子科学与工程学院、机械与电气工程学院、光电科学与工程学院、信息与软件工程学院、集成电路科学与工程学院、格拉斯哥海南学院、基础与前沿研究院,4月4日至5日,
,光电科学与工程学院,4月4日,成都市联洲国际技术有限公司
,资源与环境学院,4月4日,
"[{'name': 'Dapeng Oliver Wu', 'identity': '教授'}]",信息与通信工程学院,4月3日,
,计算机科学与工程学院（网络空间安全学院）,4月3日,腾讯成都分公司
"[{'name': '路超', 'identity': '研究生就业办主任'}]",信息与软件工程学院、基础与前沿研究院、公共管理学院,4月3日,研究生就业办主任
"[{'name': '数学科学学院', 'identity': '相关负责人'}, {'name': '西门子工业自动化产品（成都）有限公司', 'identity': '相关负责人'}]",学校定点帮扶工作办公室,4月3日,
"[{'name': '刘宇宁', 'identity': '主任'}]",格拉斯哥大学国际处中国办公室,4月3日,主任
,龙华区文化广电旅游体育局,4月3日,
,机械与电气工程学院、信息与软件工程学院,,学生
"[{'name': '副校长胡俊', 'identity': '副校长'}, {'name': '陈华富', 'identity': '生命科学与技术学院院长'}]",协同创新研究院认知与脑科学研究中心,4月3日,澳门大学
"[{'name': '曾勇', 'identity': '校长'}, {'name': '申小蓉', 'identity': '校党委副书记'}]",学校相关部门,3月30日,负责人
,副校长,4月1日,负责人
,马克思主义学院,3月24日至26日,校党委副书记
,蓉漂人才日系列活动,2023年3月26日,副校长
"[{'name': '孔令', 'identity': '副校长'}, {'name': '胡浩', 'identity': '1979级校友、安徽民生信息股份有限公司董事长'}, {'name': '朱大春', 'identity': '1981级校友、中国电科'}]",,3月26日,
"[{'name': '王亚非', 'identity': '校党委书记'}, {'name': '申小蓉', 'identity': '校党委副书记'}, {'name': '彭岚', 'identity': '校党委副书记'}, {'name': '靳敏', 'identity': '校党委副书记'}]",,3月20日,
,学校,3月20日,中层领导人员
"[{'name': '黄镜波', 'identity': '副主席'}, {'name': '申小蓉', 'identity': '党委副书记'}]",广东省汕尾市政协,3月20日,副主席
"[{'name': '朱宏', 'identity': '副校长'}, {'name': '沈学民', 'identity': '中国工程院外籍院士、讲席特聘教授'}]",计算机科学与工程学院（网络空间安全学院）,3月17-19日,
"[{'name': '徐红兵', 'identity': '副校长'}, {'name': '王利民', 'identity': '社会科学文献出版社社长'}]",电子科技大学,3月18日,智慧治理研究院负责人
"[{'name': '胡俊', 'identity': '副校长、安全工作领导小组副组长、办公室主任'}, {'name': '张旭伟', 'identity': '成华区副区长、公安分局局长'}]",,2023年3月16日,
,数学建模竞赛,3月18-19日,一等奖
"[{'name': '骆郁廷教授', 'identity': '武汉大学思想政治教育研究院院长、中央马工程首席专家、国务院学位委员会马克思主义理论学科评议组召集人'}]",马克思主义学院,3月19日,教授
"[{'name': '考生', 'identity': '学生'}, {'name': '家长', 'identity': '家长'}]",学校广西招生工作组,3月18日-19日,桂林第十八中学、桂林国龙外国语学校
"[{'name': '中国电科芯片技术研究院', 'identity': '单位'}, {'name': '重庆忽米网络科技有限公司', 'identity': '单位'}]",自动化工程学院党委,3月17日-19日,学院负责人
,机械与电气工程学院,3月18日,本科拔尖创新人才特殊培养计划“机器人特色实验班”
"[{'name': '罗棽月', 'identity': '老师'}, {'name': '邓陈亮', 'identity': '老师'}]",高校体育教师,3月15日-16日,基本功大赛
,淮安市委组织部,3月18日,电子科学与工程学院
,信息与通信工程学院,3月17日,中国航天科工集团第二研究院
,电子科技大学,3月17日,清水河校区
,教育部直属系统,3月16日,离退休工作
"[{'name': '徐如祥教授', 'identity': '医学院教授'}]",医学院,,
,电子科学与工程学院,3月17日,相关负责人
,计算机科学与工程学院、生命科学与技术学院,3月17日,中加双硕士学位教育项目
,资源与环境学院,3月17日,
,格拉斯哥学院,3月17日,本科2020级年级大会
,基础与前沿研究院前沿交叉党支部、研究生第一党支部,3月17日,成都学习强国主题街区
,成华区住建交局,3月17日,沙河校区东院
"[{'name': '何家勇', 'identity': '外国语学院副教授'}]",国际合作与交流处,3月17日,副教授
"[{'name': '巩秀芳', 'identity': '主任'}]",东汽清洁高效透平动力装备国家重点实验室材料研究中心/表面工程研究所,3月17日,分析测试中心
"[{'name': '张伯礼', 'identity': '中国工程院院士、国医大师、天津中医药大学名誉校长'}]",离退休工作处,3月17日,
,信息与通信工程学院、信息与软件工程学院、经济与管理学院、外国语学院、马克思主义学院、深圳高等研究院,3月16日、17日,
,计算机科学与工程学院,3月16日,
"[{'name': '李钰', 'identity': '学院党委书记'}, {'name': '陈旭', 'identity': '院长'}]",经济与管理学院,3月16日,
,英才实验学院与基础与前沿研究院,3月16日,人才培养专题研讨会
"[{'name': '高大力', 'identity': '西北工业大学出版社社长'}]",,3月16日,
"[{'name': '江平', 'identity': '中国当代电影艺术领军人物、著名电影制作人、国家一级导演'}]",高等研究院,3月16日,讲坛
,信息与通信工程学院、自动化工程学院,3月15日,负责人
,自动化工程学院,3月16日,副校长胡皓全
,国际处、学工部、教务处、研究生院和合作发展部,3月16日,副校长
"[{'name': '申小蓉', 'identity': '校党委副书记'}]",校党委,3月15日,副书记
"[{'name': '田立', 'identity': '2005届校友、维塔士区域总监'}]",信雅系列,3月16日,沙河校区
"[{'name': '40余位老师', 'identity': '与会交流'}]",生命科学与技术学院,3月16日,教学大纲及培养方案修订研讨会
,外国语学院,3月16日,
,图书馆党总支,3月16日,理论学习中心组扩大会议
"[{'name': '龙林', 'identity': '主任'}]",嘉祥教育集团,3月16日,学生助委会主任
"[{'name': '四川交响乐团', 'identity': '艺术家'}, {'name': '成电师生', 'identity': '1000余名'}]",教育部、四川省教育厅、四川省文旅厅,3月15日,成电会堂
"[{'name': '夏川教授', 'identity': '材料与能源学院'}, {'name': '徐世中教授', 'identity': '格拉斯哥学院'}]",教务处本科招生办公室,3月15日,校园开放日活动
,机械与电气工程学院,3月15日,硕士生第六、第七党支部
,计算机科学与工程学院,3月15日,中国工商银行软件开发中心
"[{'name': '胡俊副校长', 'identity': '副校长'}, {'name': '杨正林院士', 'identity': '医学院院长'}]",医学院,3月15日,负责人
,四川省电商教指委,3月15日,副主任委员
,电子科学与工程学院,3月15日,学院负责人
,材料与能源学院,3月15日,研究生第三党支部
,光电科学与工程学院,3月15日,校团委相关负责老师
,自动化工程学院、计算机科学与工程学院,3月14日、15日,北京航天测控成都分公司、中国电科集团十所、成都市委网信办
,计算机科学与工程学院党委,3月15日,
[],生命科学与技术学院,3月15日,党委会暨党政联席（扩大）会议
,经济与管理学院,3月15日,
,电子科技大学（深圳）高等研究院,3月15日,工作研讨会
"[{'name': '张磊', 'identity': '常务副部长'}]",深圳市龙华区委组织部,3月14日,常务副部长
"[{'name': '李媛教授', 'identity': '心理健康教育中心'}]",经济与管理学院,3月14日,教授
,集成电路科学与工程学院,3月13日、14日,辅导员
"[{'name': '胡皓全', 'identity': '副校长'}]",研究生院,3月14日,
,机械与电气工程学院,3月14日,党委会
,航空航天学院,3月14日,
"[{'name': '64位学员', 'identity': '来自广东全省职业院校'}]",信息与软件工程学院,3月14日,沙河校区
,数学科学学院,3月14日,深圳农商银行直营客群中心负责人
,医学院,3月14日,护理系主任
,经济与管理学院,3月14日,
,外国语学院,3月14日,
"[{'name': '杨有林', 'identity': '联合国防治荒漠化公约秘书处亚太区域协调处前处长'}]",,3月13日,
,计算机科学与工程学院,3月13日,
"[{'name': '深能南京能源控股有限公司', 'identity': '管理干部'}]",继续教育学院,3月13日,沙河校区
,格拉斯哥学院,3月13日,
"[{'name': '王亚非', 'identity': '校党委书记'}]",物理学院,3月13日,校党委书记
"[{'name': '梁永图', 'identity': '中国石油大学（北京）克拉玛依校区党委书记、校长'}, {'name': '李军', 'identity': '副校长'}, {'name': '申小蓉', 'identity': '校党委副书记'}, {'name': '胡俊', 'identity': '副校长'}]",学校相关部门,3月12日-13日,
,四川省总工会,3月13日,党组成员
,信息与软件工程学院、经济与管理学院、基础与前沿研究院,3月13日,
,格拉斯哥学院,3月13日,安全工作专题会议
"[{'name': '省直机关党支部书记', 'identity': '干部'}]",继续教育学院,3月13日,沙河校区
,党委学生工作部,3月13日,
,材料与能源学院、机械与电气工程学院、格拉斯哥海南学院,3月12日,
,医学院,,校团委相关负责人
,合作发展部,3月10日,副校长孔令
,中国水利水电第七工程局有限公司南方分公司,3月11日,中高层管理人员
"[{'name': '数学学院', 'identity': '学院'}, {'name': '信通学院', 'identity': '学院'}, {'name': '物理学院', 'identity': '学院'}, {'name': '光电学院', 'identity': '学院'}]",图书馆学科服务团队,近日,学院
"[{'name': '刘全胜', 'identity': '四川省政府副秘书长'}, {'name': '申小蓉', 'identity': '校党委副书记'}, {'name': '刘虹', 'identity': '成华区副区长'}]",学校办公室、党委保卫部、体育部,3月10日,
"[{'name': 'Marina Antoniou', 'identity': '教授'}]",教师发展中心,3月10日,主办
,计算机科学与工程学院、信息与软件工程学院,3月9日、10日,
,格拉斯哥海南学院负责人,3月8日-9日,电子科技大学（深圳）高等研究院、电子科技大学长三角研究院（湖州）
,信息与通信工程学院,3月9日,
"[{'name': '王亚非', 'identity': '校党委书记'}]",光电科学与工程学院,3月8日,2019050308班
"[{'name': '唐红教授', 'identity': '四川大学华西医院感染性疾病中心学科主任'}]",医学院,3月8日,
,保卫处,3月8日,成都市公安局交警五分局
,教育部,3月7日,校党委副书记
"[{'name': '申小蓉', 'identity': '校党委副书记'}, {'name': '李伊珂', 'identity': '晶艺半导体有限公司常务副总经理兼CTO'}, {'name': '刘浩驰', 'identity': '麒麟软件有限公司高级副总裁'}]",党委学工部,3月7日,集成电路科学与工程学院
,学校,2023年3月7日,副校长
"[{'name': '刘全胜', 'identity': '副秘书长'}]",四川省政府,3月7日,副秘书长
"[{'name': '胡俊', 'identity': '副校长'}]",,2023年3月6日,
,医学院,3月7日,
"[{'name': '许胜', 'identity': '中国人民解放军战略支援部队信息工程大学网络安全学院党委书记'}, {'name': '李伊珂', 'identity': '晶艺半导体有限公司李伊珂常务总副经理'}]",计算机科学与工程学院（网络空间安全学院）、集成电路科学与工程学院,3月7日,
"[{'name': '王亚非', 'identity': '校党委书记'}]",学生活动中心,3月3日,
,纪委,3月2日,校党委副书记、纪委书记
,管理科学部,3月1日-2日,校长
,电子科学与工程学院,3月1日,学生发展指导中心
"[{'name': '雷亚国教授', 'identity': '西安交通大学'}]",机械与电气工程学院,2月27日,
,机械与电气工程学院、信息与软件工程学院、医学院、外国语学院、体育部、英才实验学院、格拉斯哥海南学院、学工部,2月27日,
"[{'name': '吴岩', 'identity': '教育部党组成员、副部长'}, {'name': '武世兴', 'identity': '教育部高等教育司副司长'}, {'name': '张国辉', 'identity': '教育部科学技术与信息化司副司长'}, {'name': '郑备', 'identity': '四川省副省长'}, {'name': '刘全胜', 'identity': '省政府副秘书长'}, {'name': '余孝其', 'identity': '省教育厅党组书记、厅长'}, {'name': '张澜涛', 'identity': '省委教育工委副书记、教育厅党组成员'}, {'name': '王亚非', 'identity': '校党委书记'}, {'name': '曾勇', 'identity': '校长'}, {'name': '朱宏', 'identity': '校领导'}, {'name': '申小蓉', 'identity': '校领导'}, {'name': '胡皓全', 'identity': '校领导'}, {'name': '彭岚', 'identity': '校领导'}, {'name': '孔令讲', 'identity': '校领导'}, {'name': '罗光春', 'identity': '校领导'}]",教育部,2月23日,副部长
,信息与通信工程学院,2月24日,
,电子科学与工程学院党委,2月24日,学校办公室、发展规划与学科建设处相关负责人
,材料与能源学院,2月24日,
,计算机科学与工程学院（网络空间安全学院）,2月24日,
,信息与软件工程学院、经济与管理学院、马克思主义学院,2月24日,
,英国工程技术学会（IET）,2月24日,工程教育国际专业认证评估
,基础与前沿研究院党委,2月24日,
,国有资产与实验室管理处,近日,二级单位
,教务处,2023年2月21日,副校长
,电子科技大学,2月20日,沙河校区
,学生工作,2023年2月20日,校党委副书记申小蓉
"[{'name': '靳敏', 'identity': '校党委副书记'}, {'name': '罗光春', 'identity': '副校长'}]",电子科技大学,2月20日,校党委副书记、副校长
,电子科技大学,2月18日至19日,副校长孔令
"[{'name': '程玉华教授', 'identity': '电子科技大学自动化工程学院院长'}]",电子科技大学自动化工程学院,2月17日,院长
,材料与能源学院、机械与电气工程学院、自动化工程学院、经济与管理学院、外国语学院、格拉斯哥学院、格拉斯哥海南学院、后勤保障部、校资产公司,2月17日-18日,会议
"[{'name': '王亚非', 'identity': '校党委书记'}, {'name': '曾勇', 'identity': '校长'}, {'name': '肖贵清', 'identity': '清华大学习近平新时代中国特色社会主义思想研究院常务副院长、马克思主义学院教授'}]",,2月16日,
"[{'name': '朱宏', 'identity': '校领导'}, {'name': '申小蓉', 'identity': '校领导'}, {'name': '胡皓全', 'identity': '校领导'}, {'name': '彭岚', 'identity': '校领导'}, {'name': '靳敏', 'identity': '校领导'}, {'name': '胡俊', 'identity': '校领导'}, {'name': '孔令', 'identity': '校领导'}]",,2月15日,
"[{'name': '邓淑华教授', 'identity': '马克思主义学院教授'}]",电子科学与工程学院党委,2月15日,
,后勤保障部,2月15日,
"[{'name': '卢德会', 'identity': '党委书记、副所长'}]",中国航天科工集团第三研究院第三〇四研究所,2月15日,党委书记、副所长
,合作发展部,2月15日,
,机械与电气工程学院党委,2月13日,
,基础与前沿研究院,2月13日,党政联席会
,集成电路科学与工程学院,2月13日,
,光电科学与工程学院,2月13日,党政联席会
[],物理学院研究生党建委员会、电子学院研究生党建委员会、清华大学电子系,2月9日,E探川渝实践队
,出版社负责人,2月9日,四川省建筑科学研究院
[],数学科学学院、继续教育学院,2月10日,党政联席会
,广东研究院,2月9日,学习二十大，奋进新征程
,马克思主义学院,2月6日,
"[{'name': '王兰', 'identity': '学生'}, {'name': '任翱博', 'identity': '学生'}, {'name': '何文科', 'identity': '学生'}, {'name': '张源', 'identity': '学生'}, {'name': '罗龙', 'identity': '学生'}, {'name': '罗军生', 'identity': '学生'}, {'name': '耿航', 'identity': '学生'}]",,2015年,
"[{'name': '杨伟航', 'identity': '我校信息与通信工程学院院友'}]",信息与通信工程学院,2022,
"[{'name': '经管类课程群‘五位一体’课程思政建设体系探索与创新', 'identity': '项目'}, {'name': '‘立爱国志 行长征路’高校学科特色型实践育人工程', 'identity': '项目'}, {'name': '依托数字化平台，构筑大学生心理素质养成工程育人体系', 'identity': '项目'}]",四川省教育厅,近日,高校思想政治工作精品项目
,四川省教育厅,近日,第三批“三全育人”综合改革试点高校和试点院（系）
,学术期刊,,Ei Compendex
,经济与管理学院,1月21日,
"[{'name': '王亚非', 'identity': '校党委书记'}, {'name': '曾勇', 'identity': '校长'}, {'name': '申小蓉', 'identity': '校领导'}, {'name': '胡皓全', 'identity': '校领导'}, {'name': '胡俊', 'identity': '校领导'}]",党委保卫部、后勤保障部、校医院,1月18日,
,学校,2022年1月17日,校党委书记
"[{'name': '岑巩县委副书记张泽宝', 'identity': '学校挂职'}]",教育部,1月17日-18日,中央单位定点帮扶工作成效考核会
,信息与通信工程学院、电子科学与工程学院、计算机科学与工程学院、数学科学学院,1月16日-18日,负责人
,电子科学与工程学院、信息与软件工程学院,1月16日,
,马克思主义学院,1月16日,
"[{'name': '赵璧全', 'identity': '离退休教职工代表'}, {'name': '王振兴', 'identity': '离退休教职工代表'}, {'name': '柳姿', 'identity': '离退休教职工代表'}]",经济与管理学院、党委宣传部,近日,
"[{'name': '任福继院士', 'identity': '慰问对象'}, {'name': '援疆援藏教师代表', 'identity': '慰问对象'}]",计算机科学与工程学院（网络空间安全学院）,1月17日,负责人
,基础与前沿研究院,2022年1月16日,
,格拉斯哥海南学院,1月16日,工作研讨会
,外国语学院,1月15日,制度建设研讨会
,机械与电气工程学院、经济与管理学院,近日,负责人
"[{'name': '数学科学学院负责人', 'identity': '负责人'}, {'name': '马克思主义学院负责人', 'identity': '负责人'}, {'name': '体育部负责人', 'identity': '负责人'}]",,近日,
"[{'name': '王亚非', 'identity': '校党委书记'}, {'name': '曾勇', 'identity': '校长'}, {'name': '胡皓全', 'identity': '副校长'}, {'name': '孔令讲', 'identity': '副校长'}, {'name': '邓龙江', 'identity': '院士'}]",电子科技大学集成电路科学与工程学院（示范性微电子学院）,1月16日,清水河校区
,经济与管理学院,2023年1月16日,
,四川省人社厅职业能力建设处,1月16日,九里堤校区
,学校体育部,1月15日,成都七中高新校区
"[{'name': '北京大学', 'identity': '专家'}, {'name': '浙江大学', 'identity': '专家'}]",计算机科学与工程学院（网络空间安全学院）,近日,
,数学科学学院,近日,学生干部
"[{'name': '体育部各民主党派成员', 'identity': '成员'}, {'name': '无党派人士', 'identity': '成员'}, {'name': '体育部党总支党员代表', 'identity': '代表'}]",体育部,近日,
"[{'name': '董帆教授', 'identity': '教师代表'}, {'name': '张妍宁教授', 'identity': '教师代表'}, {'name': '白赛教授', 'identity': '教师代表'}, {'name': '张永起研究员', 'identity': '教师代表'}, {'name': '李解元研究员', 'identity': '教师代表'}]",,新春,
,出版社,1月12日,
"[{'name': '戴宁智', 'identity': '法国驻成都总领事馆总领事'}, {'name': '罗光春', 'identity': '副校长'}, {'name': '林芊', 'identity': '成都法语联盟法方校长'}, {'name': '白沙', 'identity': '法国驻成都总领事馆科技与教育合作官员'}, {'name': '高世全', 'identity': '国际合作与交流处负责人'}, {'name': '曾其刚', 'identity': '国际合作与交流处负责人'}]",法国驻成都总领事馆,1月9日,总领事
,基础与前沿研究院党委,2022-01-09,
"[{'name': '傅其林教授', 'identity': '四川大学社会科学研究处处长、国家级人才计划入选者'}]",外国语学院,1月8日,
,数学科学学院,1月8日,
,教育部国际合作与交流司、教育部创新创业教育指导委员会,2022年1月6日,中美青年创客交流中心
,生命科学与技术学院,1月6日,
,格拉斯哥学院,2022-01-06,
,格拉斯哥海南学院,1月5日,学院负责人
,信息与通信工程学院党委,1月4日,
"[{'name': '雷霖', 'identity': '老师'}, {'name': '刁静', 'identity': '老师'}, {'name': '王海星', 'identity': '老师'}]",心理健康教育中心,1月4日,
"[{'name': '赵文丽', 'identity': '学院党委副书记'}]",数学科学学院,1月4日,硕士生第三党支部
,信息与通信工程学院,12月30日,学院党委副书记
